date,broccoli,cabbage,carrot,cauliflower,celery,chayote_bunga,cucumber,gabi_galyang,pepper_sultan,pepper_taiwan,potato,wombok
23/10/2017,40,14,27.5,27.5,22.5,4,17.5,12.5,60,55,28.5,7
24/10/2017,32.5,13,25,27.5,22.5,6,14,12.5,55,0,28,7
25/10/2017,32.5,14,50,45,15,5.5,21.5,12,62.5,0,33.5,7
26/10/2017,27.5,13.5,35,40,17.5,3.5,17.5,12,60,0,32.5,8.5
07/11/2017,17.5,9.5,37.5,42.5,17.5,6.5,13.5,11,37.5,0,35,8.5
08/11/2017,13.5,8,20,35,17.5,7,12.5,12,50,0,35,0
09/11/2017,31.5,8,20,22,19,6.5,11.5,11.5,52.5,45,35.5,7.5
10/11/2017,25,10,32.5,32.5,17,7,11.5,12.5,47.5,0,41,8
13/11/2017,16,4,25,30,17.5,7,20,10.5,50,45,27.5,7
14/11/2017,22.5,6,25,22.5,17.5,4,17.5,10.5,42.5,45,27.5,7
15/11/2017,37.5,7.5,30,20,12.5,8,19,11,40,0,26.5,7
16/11/2017,35,15,34,22.5,12.5,6.5,21,13.5,47.5,32.5,26.5,7
17/11/2017,20,16,25,22.5,12.5,9,25,15,40,0,24,6
20/11/2017,10,11,22.5,25,17.5,14.5,24.5,12.5,40,0,26.5,5.5
21/11/2017,12.5,9.5,17.5,17,17.5,11,25.5,12,40,0,31.5,5.5
24/11/2017,16,11.5,20,16,22.5,13.5,18.5,10,52.5,0,25.5,6.5
27/11/2017,22.5,8.5,19,20,22.5,10.5,20,9.5,45,45,25,4
28/11/2017,24,9.5,16.5,22,22.5,9.5,18.5,10,42.5,45,27.5,6
29/11/2017,35,6,16,23.5,0,15,18,7.5,45,0,25,6
04/12/2017,22.5,11.5,20.5,17.5,22.5,6,28.5,12.5,37.5,50,39,7
05/12/2017,22.5,14,21.5,15,22.5,6,27.5,11.5,36.5,35,32.5,6.5
06/12/2017,20,9.5,21.5,20,27.5,7,31.5,11.5,36.5,0,32.5,7
07/12/2017,22.5,9.5,27,20,27.5,11,32.5,9,40,35,32.5,7.5
08/12/2017,20,9,17.5,17,22.5,11,32,12,40,35,32.5,7.5
11/12/2017,31.5,9,16.5,20,37.5,8,29,10,20,35,33.5,7.5
12/12/2017,27.5,12.5,17.5,19,32.5,8,27.5,10,20,35,33.5,7.5
13/12/2017,26.5,10,11.5,20,32.5,9,22,9.5,30,35,30.5,7.5
14/12/2017,18,8,16.5,20,32.5,9,27.5,9.5,30,45,28.5,6
15/12/2017,21,10.5,23.5,22.5,27.5,7.5,30,12,27.5,0,37.5,7.5
05/01/2018,12.5,8.5,16.5,12.5,22.5,6.5,23.5,14,35,0,37.5,6.5
22/01/2018,26,5,8.5,13.5,22.5,22.5,35,7,27.5,27.5,31,5
23/01/2018,17,6.5,9.5,17,19,18.5,40,8,47.5,0,42,6.5
24/01/2018,19,12,7,17,12.5,13,27.5,8,52.5,42.5,28,8
25/01/2018,19,11.5,9,17.5,17.5,13,32.5,7,55,42.5,37.5,7
26/01/2018,16.5,10.5,9.5,17.5,14.5,9,20,8.5,65,55,37.5,7
30/01/2018,15,9,16.5,18.5,15,8.5,11,9.5,75,0,37.5,7.5
31/01/2018,12.5,12.5,19,22.5,12.5,9,13.5,8.5,75,0,29,7.5
02/02/2018,11,7.5,11,22.5,8.5,7.5,17.5,11,50,0,37.5,6.5
05/02/2018,27.5,7.5,15.5,21,17.5,13,25,12.5,52.5,0,29,4
07/02/2018,22.5,6.5,12.5,25,12,10.5,20,12.5,60,0,34,4.5
08/02/2018,20,8.5,11,27.5,9,6.5,22.5,11.5,62.5,0,34.5,7
12/02/2018,32.5,12.5,16,35,9,6,20,8.5,65,0,33.5,9
13/02/2018,22.5,10.5,11,24.5,7.5,5.5,17.5,8,75,0,39,9.5
14/02/2018,22.5,9,8,20.5,8.5,4.5,16,8,80,0,38.5,9.5
15/02/2018,19,9.5,14,24.5,7.5,5,13,9,77.5,0,35,8.5
19/02/2018,22.5,15,17.5,20,17.5,6,9,5.5,70,27.5,30,9
20/02/2018,22.5,17.5,14.5,20,6.5,6,11,8,82.5,0,30,9.5
22/02/2018,26,20,17,19.5,6.5,5.5,10.5,7.5,80,40,35,12.5
23/02/2018,20,18,17,10.5,9,6,9,7.5,77.5,0,35,11
26/02/2018,20,16.5,17.5,17.5,11,6,8.5,8.5,77.5,0,33.5,11
27/02/2018,12,19.5,20.5,22,9,4.5,11,7.5,0,0,32.5,11.5
02/03/2018,12,17,22.5,28,9,5,13.5,8.5,0,22.5,32.5,8.5
05/03/2018,19,15,20,27.5,11.5,4.5,10.5,10.5,0,27.5,26.5,11
06/03/2018,19.5,15,20,20,8.5,5.5,12.5,10.5,95,52.5,27,11
07/03/2018,17,11.5,21.5,20,8.5,9,11.5,8,90,52.5,32.5,11
08/03/2018,20,11,24.5,32.5,9,5.5,13.5,8.5,92.5,27.5,27.5,9.5
09/03/2018,20,12,20,25,9,6.5,12,7,95,30,27,6.5
13/03/2018,23,11,21.5,22,12,6.5,12,9,97.5,37.5,26,9
14/03/2018,21,9.5,19,20.5,9,6.5,11.5,9.5,95,32.5,30,10.5
15/03/2018,22,11.5,20,22,14,7.5,10.5,9.5,112.5,32.5,25,10.5
16/03/2018,23,12.5,23.5,18.5,15,7.5,14,8.5,105,27.5,27.5,13
19/03/2018,24,13,22,19,0,7.5,23.5,8.5,107.5,0,27,18.5
20/03/2018,17.5,13,15,22.5,17.5,9,20,9,140,32.5,27.5,17.5
23/03/2018,16.5,17.5,16,21.5,22.5,4,10,9,107.5,0,26.5,18.5
26/03/2018,25,7.5,17.5,20,22.5,5.5,9,10,100,32.5,23,16
27/03/2018,25,13,14,19,17.5,5.5,11.5,9.5,105,32.5,25,16.5
28/03/2018,17.5,15,10,20,22.5,4.5,8.5,9,95,17.5,22.5,19.5
02/04/2018,11.5,15,16,22.5,22.5,5.5,15,5.5,85,32.5,27.5,17.5
03/04/2018,11.5,11.5,15,20,17.5,5.5,16,9,85,32.5,30,12.5
04/04/2018,11.5,11.5,19.5,27.5,22.5,5.5,21.5,10,85,32.5,30,13.5
05/04/2018,11.5,15,20,25,22.5,5.5,13.5,10,95,32.5,27.5,13.5
06/04/2018,13,18.5,17,22.5,22.5,6.5,17,10.5,95,32.5,22.5,22
10/04/2018,10,11.5,17,14,17.5,6.5,7,8,115,32.5,30,13.5
12/04/2018,11.5,9,10,10,27.5,2.5,5,9,70,26,26.5,11
18/04/2018,9,10,11,10,17.5,6,7.5,9,72.5,32.5,20,9
19/04/2018,7.5,14.5,14,6.5,17.5,12,9,9,65,27.5,20,10
23/04/2018,11.5,15.5,16,8.5,22.5,5.5,8,9,55,32.5,25,16.5
02/05/2018,9,12.5,15,9,11,9,11.5,7.5,50,22.5,21.5,17
03/05/2018,17.5,10,12,8.5,17.5,6,7.5,9,45,27.5,20,9
09/05/2018,22.5,19,17.5,9,27.5,11,22.5,13,77.5,27.5,24,19
11/05/2018,13.5,15,11.5,11,27.5,9,19,13.5,75,32.5,24,21
15/05/2018,17.5,36.5,15,22.5,27.5,9,15,14,0,45,25.5,29
17/05/2018,22.5,21,13,17,45,6.5,9,14,0,55,22.5,29
18/05/2018,22.5,19,17.5,22.5,55,9,11,14,0,65,21.5,22.5
23/05/2018,32.5,26,9,26.5,62.5,14,16,14,125,45,19,22.5
18/06/2018,21.5,21.5,14.5,37.5,62.5,14.5,14.5,15.5,97.5,77.5,33.5,17.5
19/06/2018,33.5,21,13,38,67.5,15.5,19,16,85,92.5,32,18
20/06/2018,28,25.5,10.5,29,62.5,16,18,10.5,80,82.5,25.5,24
21/06/2018,26,28,11,30,65,15.5,25,13,60,87.5,20,19
25/06/2018,37.5,35,18.5,26.5,90,14,12,0,37.5,87.5,20,28
26/06/2018,36,36.5,20,29.5,65,15.5,13,12.5,62.5,102.5,18.5,32.5
02/07/2018,25,37,19.5,36,62.5,0,11.5,9,45,112.5,40,19.5
04/07/2018,22.5,40,0,40,67.5,14.5,10,14,62.5,107.5,21.5,27.5
10/07/2018,29,37.5,22.5,42.5,75,22,37.5,22.5,47.5,55,25.5,24.5
11/07/2018,22.5,27.5,18,45,80,22.5,10.5,18,47.5,70,22.5,20
12/07/2018,27.5,22.5,19,30,90,13.5,8.5,12,47.5,67.5,24,17.5
17/07/2018,20,21,17.5,20,60,12,7,11,55,67.5,20,17.5
19/07/2018,14.5,15.5,15,16,60,11,5.5,13,40,56.5,18.5,16.5
23/07/2018,18.5,30.5,25,0,42.5,13.5,14,14,37.5,65,24,19
24/07/2018,21.5,22,29,17,52.5,15.5,12.5,17,52.5,50,23,12
25/07/2018,22.5,19,20.5,16.5,55,15,17,13.5,57.5,125,20.5,9.5
26/07/2018,26.5,17,19.5,15.5,17.5,14.5,15,17.5,45,150,21.5,8.5
27/07/2018,26.5,20,19.5,16.5,25,12.5,15,19,49,155,21.5,11.5
31/07/2018,25,27.5,18.5,32.5,65,0,15,17.5,60,245,23,17.5
01/08/2018,26.5,30,27,32.5,50,13.5,16.5,21,62.5,205,21,12
02/08/2018,29,41.5,25.5,30,72.5,13,20,20.5,65,240,18,11
03/08/2018,31.5,40.5,26.5,28.5,70,12,22,21.5,65,240,19,11
07/08/2018,28,46.5,36.5,41.5,52.5,12,15,17,65,145,19,20
08/08/2018,31.5,47,47.5,40.5,82.5,10,12,17.5,62.5,165,19.5,20
14/08/2018,31.5,40.5,26.5,0,70,12,22,19,65,240,19,11
15/08/2018,24,35,45,49,105,25.5,8,15.5,90,175,29,35.5
20/08/2018,27.5,28.5,50,42.5,0,23.5,20,16,82.5,0,21.5,28
22/08/2018,0,37.5,62.5,39,0,0,13,21.5,100,0,29.5,37.5
24/08/2018,31.5,26.5,42.5,50,105,21,12,15.5,95,260,21.5,21.5
28/08/2018,40,43,67.5,57.5,0,26,13,17.5,100,370,29,15
29/08/2018,37.5,38.5,57.5,55,145,28,11,19,107.5,390,26.5,39
30/08/2018,42.5,42.5,57.5,75,155,34,10.5,18.5,105,475,33.5,32.5
31/08/2018,50,63.5,64,62.5,0,34.5,9.5,15.5,97.5,625,24,35.5
03/09/2018,57.5,52.5,70,67.5,0,42.5,9,16,100,425,26,52.5
04/09/2018,55,64,70,70,155,35,6,16,100,440,24,52.5
05/09/2018,65,75,77.5,67.5,0,31.5,7,16,97.5,560,21,52.5
06/09/2018,77.5,75.5,65,67.5,0,35.5,6.5,16.5,105,325,22.5,72.5
07/09/2018,62.5,0,47.5,67.5,0,32,7,14,0,375,23.5,57.5
10/09/2018,45,75,70,65,275,42.5,5.5,15,115,325,28.5,52.5
11/09/2018,59,75,60,65,0,42.5,3.5,13.5,110,225,22.5,62.5
13/09/2018,57.5,70,47.5,47.5,0,42.5,5.5,14.5,80,240,29,50
17/09/2018,60,92.5,80,65,0,102.5,27.5,17.5,105,310,44,87.5
18/09/2018,0,140,0,80,0,47.5,32.5,16.5,120,300,35,85
19/09/2018,45,44,70,37.5,0,36.5,18.5,18.5,85,265,32.5,62.5
20/09/2018,56.5,40,0,39,0,41.5,9.5,25.5,95,260,44,36.5
21/09/2018,52.5,0,57.5,34,0,52.5,7.5,19,92.5,265,34,42.5
24/09/2018,0,40,0,0,215,52.5,30,19.5,90,225,41.5,42.5
25/09/2018,0,37.5,47.5,36.5,190,57.5,32.5,20,107.5,425,29,39
26/09/2018,0,39,77.5,49.5,85,45,47.5,21,122.5,490,35.5,31.5
27/09/2018,55,40.5,97.5,35.5,0,35,36.5,18.5,107.5,500,31,34.5
28/09/2018,39,38.5,62.5,35,150,40,39,15,107.5,400,33.5,41.5
01/10/2018,0,45,60,45,0,52.5,46.5,18,110,325,33,37.5
02/10/2018,52.5,56.5,56.5,67.5,0,37.5,40,14,120,325,29,31.5
03/10/2018,37.5,56.5,46.5,56.5,0,32.5,41.5,13,120,315,29,32.5
04/10/2018,42.5,46.5,40,62.5,100,33.5,40,13,120,350,29,34
05/10/2018,62.5,53.5,25,92.5,105,42.5,46.5,9.5,122.5,315,41.5,27.5
08/10/2018,105,49,75,85,135,32.5,52.5,14.5,145,275,39,13.5
09/10/2018,57.5,52.5,76.5,84,110,27.5,47.5,15,152.5,205,46.5,16.5
10/10/2018,52.5,47.5,47.5,65,85,31,32.5,10.5,147.5,215,35,17
11/10/2018,67.5,40.5,57.5,92.5,72.5,23.5,49,13.5,165,230,41.5,16.5
15/10/2018,75,35,40,65,65,25,25,12.5,0,290,43.5,16.5
16/10/2018,41.5,24,25.5,82.5,0,22.5,20,19,0,235,32.5,7.5
17/10/2018,47.5,21.5,26.5,90,50,21,17.5,19,0,265,26.5,7
18/10/2018,60,25.5,27.5,75,57.5,21,18.5,18.5,0,139,32.5,6.5
19/10/2018,45,21.5,0,77.5,50,21.5,16.5,17.5,0,265,32.5,9.5
22/10/2018,0,24,25,62.5,0,22.5,22.5,15,145,290,50,0
23/10/2018,47.5,23.5,31.5,86.5,22.5,25,25.5,26.5,0,500,42.5,4.5
24/10/2018,57.5,20,22.5,86.5,6.5,23,23.5,23.5,0,550,57.5,4.5
25/10/2018,45,27.5,19,64,11,24,16.5,16.5,0,575,41.5,4.5
26/10/2018,57.5,34,25.5,76.5,65,24,24,21,0,590,52.5,4
29/10/2018,57.5,34.5,44,67.5,47.5,11,27.5,16.5,0,575,44,5
05/11/2018,0,45,30,45,57.5,13.5,15,18,170,275,70,7.5
06/11/2018,32.5,45,25,37.5,52.5,14.5,16.5,14,160,325,61.5,3.5
07/11/2018,37.5,42.5,32.5,62.5,27.5,13.5,21.5,19,0,325,79,4
08/11/2018,36.5,35.5,35.5,50.5,20,13.5,16.5,19,0,325,72.5,3.5
09/11/2018,34,23,16.5,35,17.5,18,13,25,80,325,52.5,3.5
12/11/2018,0,35,30,42.5,17.5,0,20,24,55,0,56,4.5
13/11/2018,25,35,24,36.5,27.5,12.5,20.5,21.5,0,275,42.5,3.5
14/11/2018,26.5,30,16,39,22.5,19,27,20,75,275,46.5,3.5
15/11/2018,35,31.5,15.5,36.5,0,19,24.5,19,0,275,45,3.5
16/11/2018,40,35,15,37.5,17.5,19,29,11.5,65,275,55,4
19/11/2018,0,25,0,30,27.5,19,16,18.5,85,265,62.5,6.5
20/11/2018,46.5,19,19,47.5,16.5,19,15,13.5,72.5,225,65.5,4.5
21/11/2018,29,22.5,20.5,49,16.5,19,15.5,12.5,62.5,215,64,5
22/11/2018,29,22.5,24,47.5,17.5,19,16.5,11,62.5,215,66.5,4
23/11/2018,21,23.5,21.5,34,17.5,19,17,11,57.5,240,65.5,4.5
26/11/2018,32.5,11.5,22.5,21,0,15,11.5,13.5,70,225,57.5,5.5
27/11/2018,16.5,11.5,17.5,20.5,0,16,12,11,62.5,140,41.5,4
28/11/2018,19,11,20,30,17.5,17,15.5,15,85,90,53,4
03/12/2018,22.5,8.5,20,22.5,22.5,9,18.5,18.5,65,175,37.5,5.5
04/12/2018,19,10,14.5,17,17.5,9,14,10.5,45,95,31,4
05/12/2018,16.5,8,13.5,14,17.5,9,14,19,55,100,29,4
06/12/2018,19,10,18.5,0,17.5,11,16.5,19,62.5,95,30.5,4
07/12/2018,19,11,17,13.5,17.5,9,16.5,19,70,90,31.5,4
10/12/2018,20,10.5,37.5,13,37.5,5.5,16.5,16,85,90,42.5,5.5
11/12/2018,12.5,12.5,20.5,11.5,17.5,6.5,14,19,75,102.5,34,4
12/12/2018,16.5,17.5,18,13,17.5,7.5,0,19,70,85,34,4
13/12/2018,17.5,11,15.5,16.5,17.5,7.5,13.5,16.5,85,90,45.5,4.5
17/12/2018,36.5,13,19,20.5,37.5,4,9,19,72.5,0,30,4
18/12/2018,9.5,9.5,14,14,22.5,8.5,9.5,19,50,155,39,0
19/12/2018,9.5,10,11.5,11.5,17.5,8.5,10.5,20,52.5,155,49,3.5
21/12/2018,16.5,12,15,13.5,17.5,9.5,18,19,62.5,125,35.5,3.5
26/12/2018,14,12.5,14.5,12,0,9,16.5,19,62.5,135,31.5,3.5
28/12/2018,11.5,11.5,10,10.5,17.5,9.5,23,15.5,75,140,32.5,4
03/01/2019,10,15,0,14,27.5,9,21.5,20,0,0,39,9
04/01/2019,7.5,9.5,10.5,8.5,37.5,7.5,17.5,21.5,45,65,30,5
07/01/2019,0,3.5,12.5,9,27.5,5,31,0,0,210,28.5,3.5
08/01/2019,11.5,9,17.5,15,0,9,41.5,30,45,46.5,30.5,4
09/01/2019,9,8,12.5,13,0,16,32.5,30,45,47.5,26.5,4
10/01/2019,10,12.5,21.5,15,40,17,39,34,42.5,72.5,31,4
11/01/2019,9.5,10,13.5,20.5,40,19,37.5,27.5,47.5,75,20.5,6
14/01/2019,13.5,9,22.5,12.5,37.5,14,37.5,17,12.5,47.5,31,6.5
15/01/2019,22.5,9,16.5,23.5,0,0,38.5,17,12.5,47.5,29,5.5
16/01/2019,0,10,10.5,0,0,19,41,11,0,50,37.5,7
17/01/2019,0,7,10.5,0,27.5,19,46.5,11,0,35,0,6.5
21/01/2019,22.5,12.5,13.5,0,32.5,27,36,12.5,0,32.5,0,6
22/01/2019,14,12.5,11.5,26.5,26.5,26.5,32.5,11,0,42.5,23,6.5
23/01/2019,16,10,8,27.5,26.5,27.5,27.5,13.5,12.5,42.5,21.5,9
24/01/2019,16.5,10.5,10,23,22.5,30.5,27.5,11,22.5,32.5,19,10
25/01/2019,14,12,11,22.5,37.5,30.5,32.5,12,17.5,37.5,20,9
28/01/2019,12.5,6.5,7,11,0,22.5,17,15,21,31.5,25,0
29/01/2019,17.5,7,10,20,30,27.5,20,10.5,20.5,32.5,21,9.5
31/01/2019,26.5,6.5,7.5,32.5,37.5,27.5,26.5,12,0,32.5,24.5,6.5
01/02/2019,26.5,9.5,10,27,36.5,29,36.5,14,0,37.5,23.5,11
04/02/2019,28,8.5,9,29,22,23,42,25,0,25.5,0,0
06/02/2019,20,6,9.5,27.5,30,22.5,32.5,22.5,0,34,22,12.5
07/02/2019,27.5,6.5,8.5,21,0,27.5,38.5,19.5,33,22.5,21.5,12
08/02/2019,28.5,10.5,10,28,0,18,36.5,21,0,0,22.5,12.5
11/02/2019,25,13,10.5,26,22.5,12,39,0,0,22,19,0
12/02/2019,30.5,13.5,11.5,0,0,14.5,32,22,42.5,22.5,21.5,11.5
13/02/2019,29,11.5,7.5,24,0,10.5,23.5,18,0,22.5,18.5,19
14/02/2019,0,10,9,18,27.5,9.5,26.5,16.5,0,0,26,12.5
15/02/2019,33.5,11.5,8,0,0,6,27.5,16.5,0,0,19.5,0
18/02/2019,0,16.5,12.5,20.5,32.5,11.5,31,0,50,25,23,20
19/02/2019,0,12.5,12.5,0,22.5,9.5,32.5,24.5,0,0,23.5,14
20/02/2019,0,11.5,10,19,32.5,0,36.5,23,0,22.5,19.5,0
22/02/2019,0,13.5,0,23,0,8.5,41.5,0,0,27.5,23.5,14
26/02/2019,35.5,12,18,0,22.5,12,41,24,0,16.5,19.5,16
27/02/2019,0,13.5,18,17.5,22.5,10.5,39.5,24,0,15.5,24,17.5
28/02/2019,0,13.5,15.5,0,0,7.5,34,23,0,15,24,16
01/03/2019,0,12,13,12,17.5,8.5,31,17.5,0,15,19,14.5
04/03/2019,32.5,11,9,17,20,8.5,25.5,22,0,22.5,18.5,13
05/03/2019,0,11,13,15.5,20.5,10.5,26.5,24,0,21.5,24.5,12.5
06/03/2019,0,11,0,11.5,0,0,21.5,21,20,16.5,26,13
07/03/2019,0,13,19,12.5,26.5,6.5,26,22,0,12.5,21,15
08/03/2019,0,12,21,0,0,5,24.5,18.5,0,12.5,26.5,0
11/03/2019,0,11.5,0,10,0,5,26.5,21,0,10.5,25,12
13/03/2019,0,10,20.5,0,15,4.5,29,15.5,0,0,0,11.5
15/03/2019,0,9.5,20,0,0,5,29.5,20,0,11,24.5,11.5
18/03/2019,0,9,22.5,22,16.5,0,21.5,20,0,0,25,9
19/03/2019,0,7.5,28,22,0,8,28,21,30,0,34,8
20/03/2019,25,8.5,28,17.5,0,7.5,27.5,19.5,30,17.5,34,7.5
22/03/2019,0,3,0,24.5,0,8,32,26.5,35.5,0,34,9
25/03/2019,0,7.5,28,0,0,11.5,40,27,0,16.5,29,8.5
27/03/2019,0,8,27.5,24,0,12,39,25,0,19,28,8.5
28/03/2019,0,9,29,24.5,16,11.5,0,20,0,10.5,28,7.5
01/04/2019,0,9.5,35.5,29.5,0,9.5,41,24.5,0,0,23.5,7.5
02/04/2019,22,8.5,36,24,0,10,43,22.5,59,10.5,32,3.5
05/04/2019,0,10.5,42,22.5,0,15,36.5,22,0,12.5,33.5,6
10/04/2019,0,4.5,23,0,0,15,34,25.5,93,16.5,31,3.5
12/04/2019,0,9,42,0,15,17.5,36.5,26.5,95,10.5,26.5,5.5
15/04/2019,30.5,12.5,32,60.5,21,20.5,41,30,105,10.5,25.5,7
16/04/2019,26.5,10.5,26.5,0,16.5,21.5,41.5,30,0,10,21,5.5
22/04/2019,27.5,13,30.5,0,0,19,34,33,0,8.5,27.5,6
29/04/2019,27.5,28,34,0,23,20.5,27.5,22,110,11.5,22,14.5
30/04/2019,29,30,34,34,32.5,22.5,30,25,90,17.5,27.5,15
03/05/2019,29.5,19,31,30,20,15,28.5,25,0,0,23,11
06/05/2019,0,25.5,31.5,0,0,17,24.5,27,0,11,30.5,17
07/05/2019,0,30.5,23,48,30.5,13.5,25.5,29,0,10,30.5,20.5
08/05/2019,35.5,29,20,35.5,0,13,26.5,27,127.5,12.5,33,22.5
14/05/2019,37,27.5,31.5,32.5,40,17.5,32.5,24,87.5,11,36,22.5
17/05/2019,0,25.5,24,0,0,17,40,36.5,0,17,36,20.5
23/05/2019,0,25.5,35.5,0,0,6.5,50.5,35,110,10.5,33,19
27/05/2019,0,45.5,25,40.5,44,8.5,26.5,37,120,9,31.5,30
31/05/2019,29,0,27,0,28,8,13.5,29.5,0,14.5,35,26
03/06/2019,0,25,31.5,43,36.5,3,17,29,93,10.5,34,28
04/06/2019,0,23,36.5,34,0,4,20,27,100,15.5,40,27
10/06/2019,20.5,0,39,30.5,0,4.5,14.5,30.5,95,13.5,38,25.5
11/06/2019,0,20,30,28,23,0,14,40.5,0,11.5,42,25.5
17/06/2019,23,14,35,13.5,23,6,13.5,40,87.5,10,49.5,20.5
18/06/2019,0,12.5,38,15.5,25.5,4.5,15,40.5,120,11,50,21.5
19/06/2019,23,17,43,21,27,4.5,15,39,105,9,47,16
20/06/2019,27.5,16.5,47.5,22,0,5.5,12,36,150,11,43.5,0
24/06/2019,0,17.5,0,30.5,30.5,5.5,18,35.5,130,0,43,0
02/07/2019,0,8,20,43,17.5,0,11.5,33,145,0,37.5,10.5
03/07/2019,0,17.5,45,43,40,0,11.5,33,155,0,47,12.5
04/07/2019,40,13,42.5,45,27.5,6,12.5,32.5,175,14,42,17.5
05/07/2019,43,10.5,43,40,27.5,8,12,33,170,12.5,42.5,9
09/07/2019,45,11.5,43,40,23,8,9,29,190,12.5,37.5,11.5
10/07/2019,28,13,38.5,50.5,35.5,5.5,19,37,0,15.5,34,11.5
11/07/2019,0,10.5,39.5,49,30,9,18.5,39,0,10,35,10.5
12/07/2019,38,9.5,39,53,26.5,4,17,45.5,205,0,34.5,10
15/07/2019,40,14,43,39,22.5,7.5,16.5,39,115,15,36,10
16/07/2019,35,11.5,35,50,27.5,5.5,20.5,42.5,0,14,37.5,8
17/07/2019,34,12,32,55,35,4,16,36,172.5,10,40,11
18/07/2019,31.5,12.5,30,55,35,4,15,32.5,195,12.5,40,12.5
19/07/2019,27.5,11,40,60,17.5,5,12,36.5,192.5,14,38.5,13
22/07/2019,22.5,13,18,57.5,30.5,6,19,41.5,195,20.5,44,10
23/07/2019,36.5,13.5,17.5,50,37.5,6,18,37.5,180,32.5,42,7
24/07/2019,32.5,11,24,45,0,6,12.5,35.5,190,17.5,43,14
25/07/2019,41,8.5,23,45,0,6,18,41,177.5,15,36,7
26/07/2019,33.5,9.5,25,38.5,20,9,15.5,34,135,13.5,37.5,6
29/07/2019,34,8.5,23,44,30,9,24,41.5,202.5,11.5,35,7.5
30/07/2019,40,8,23,47.5,27.5,7.5,31.5,45,197.5,31.5,33,7
31/07/2019,48,11.5,24.5,53,20.5,6,20.5,45.5,182.5,40.5,31.5,7
01/08/2019,53,9,21.5,48,24,3.5,30.5,37.5,145,50,30.5,5
02/08/2019,0,9,20.5,40.5,0,5.5,21,42.5,150,40,34.5,8
05/08/2019,37.5,8.5,22.5,47.5,20.5,6,20.5,46,162.5,42.5,37,7.5
06/08/2019,40,6.5,23,40,17.5,6,0,35,170,42.5,35.5,7.5
07/08/2019,30,8,19,35,12.5,7.5,15,35,155,45,36.5,6.5
08/08/2019,0,6,24,0,20.5,10.5,15,44.5,170,50,36.5,8.5
09/08/2019,30,9,22.5,40,0,8,14,50.5,155,52.5,35.5,9
13/08/2019,0,10,18,28,25,11.5,9,36.5,0,110,50.5,8
14/08/2019,35.5,9,26,30.5,0,15,10,36.5,162.5,110,60,5.5
15/08/2019,0,7.5,28,44,50,16.5,10.5,41,147.5,107.5,63,8.5
16/08/2019,0,9,25,0,45,16,12.5,40.5,172.5,107.5,45.5,10
19/08/2019,0,12.5,23,38,0,9,15.5,36.5,0,115,27,10.5
20/08/2019,0,12,25.5,0,0,7.5,17.5,32.5,122.5,102.5,37,12.5
22/08/2019,34.5,17.5,18,39.5,27.5,9,14,33.5,145,105,40,14
23/08/2019,53,18,14,0,24,9,24,31.5,142.5,110,45.5,13
27/08/2019,43,20.5,25.5,52.5,45,9,17,30.5,72.5,107.5,45.5,18
28/08/2019,50,21.5,20,52.5,55,13,19,29,70,107.5,45.5,17
29/08/2019,43,20.5,18,0,80,12.5,8.5,34,0,107.5,45.5,17
30/08/2019,0,20.5,26.5,0,90,12,17,29,0,102.5,50.5,20.5
02/09/2019,55,18,18,0,74,10.5,10.5,35.5,0,135,55.5,21.5
03/09/2019,0,20,19.5,52.5,75,16.5,9,34.5,0,100,0,15
04/09/2019,50,17,18,24,0,25,9,34.5,100,0,55.5,17
05/09/2019,47.5,19,19,50,0,26.5,12.5,40.5,80,110,55.5,27
09/09/2019,70.5,17,38,60.5,48,30.5,27,40.5,96.5,92.5,65.5,24.5
10/09/2019,65.5,0,0,60.5,60.5,0,30.5,40.5,0,92.5,0,26
11/09/2019,63,20,25.5,50.5,60.5,28,30,50.5,135,100.5,69,20.5
12/09/2019,0,16.5,22,0,58,25.5,30,55.5,140,110,65.5,16.5
13/09/2019,0,15.5,29,0,51.5,22,28,50.5,145,102.5,61.5,20.5
16/09/2019,73,20,32,53,55.5,27,19,50.5,0,190,57.5,0
17/09/2019,75.5,25.5,28,0,45.5,25.5,20.5,45.5,0,195,48,0
18/09/2019,0,30.5,28,53,0,28,20,44.5,0,222.5,44.5,20.5
19/09/2019,0,25.5,28,0,73,26,23.5,45.5,107.5,0,53,20.5
20/09/2019,60,24,25.5,55,80.5,25.5,23,45.5,110,250,60.5,0
23/09/2019,55,26,23,55,75,14.5,19,37,125,190,68.5,22
24/09/2019,0,40,28,60,70.5,8.5,25.5,38,0,145,55.5,17
25/09/2019,0,45.5,28.5,0,70.5,7,25.5,38,112.5,172.5,60.5,17
26/09/2019,0,35.5,28.5,64,44,10.5,26.5,25.5,0,150,60.5,24
27/09/2019,0,36.5,35.5,0,0,0,22,0,0,182.5,55.5,0
30/09/2019,0,40.5,41.5,60,75.5,17,23,20.5,80,110,61.5,0
01/10/2019,80,40.5,40.5,68,88,11.5,27.5,25.5,73,85.5,64.5,27.5
02/10/2019,0,40.5,33,43,80.5,12,20,25.5,56.5,88,60.5,26.5
03/10/2019,85,45.5,30.5,0,67.5,11.5,8.5,25.5,15.5,73,60.5,0
04/10/2019,0,47,30.5,43,0,11.5,10.5,30.5,35,73,60.5,25.5
07/10/2019,0,40.5,19,0,80.5,15,10.5,27,0,0,70,27
08/10/2019,103,35.5,28.5,60.5,68,18,11,35.5,77.5,105,70.5,29.5
09/10/2019,0,35.5,25.5,60.5,40.5,15.5,10.5,34,73,132.5,65.5,30.5
10/10/2019,0,39,29,0,0,16,11,30,53,110,70.5,31.5
11/10/2019,100.5,40.5,32,0,0,0,14,30,53,175,70.5,32
14/10/2019,0,37,29,60.5,63,0,17,40,68,135,71.5,32
15/10/2019,73,38,33,48,50.5,12,18.5,44.5,0,125,70.5,30.5
16/10/2019,53,38,28,50.5,35.5,10,20,40.5,0,160,74.5,29.5
18/10/2019,0,40.5,40.5,0,45.5,6,17,39,50.5,195,67.5,21.5
21/10/2019,0,46.5,40.5,50.5,45.5,4.5,15.5,35.5,0,194,60.5,18
22/10/2019,0,40.5,30.5,53,30.5,4,14,40.5,0,150,68,10.5
23/10/2019,0,38,31.5,45.5,41.5,2.5,13,40.5,0,190,71.5,10.5
24/10/2019,34,33,20.5,55.5,30.5,2.5,14,40.5,80.5,190,65.5,7
25/10/2019,28,37,17,50.5,25.5,4,13.5,38,0,200,64,10
28/10/2019,40.5,28,32,50.5,35.5,2,13.5,30.5,92.5,207.5,64,9
29/10/2019,0,25.5,32,55.5,0,2.5,11.5,30.5,0,223,63,5.5
30/10/2019,51.5,18.5,38,0,25.5,2.5,12.5,30.5,0,265,62.5,6.5
31/10/2019,50,27.5,31.5,0,25,2.5,12.5,30.5,110,242.5,65.5,5
04/11/2019,60,22,0,57.5,25,4,24.5,30.5,0,235,77.5,0
05/11/2019,0,13,30.5,35.5,15,4.5,22.5,30.5,0,172.5,74.5,5.5
06/11/2019,27.5,20.5,29,27.5,7.5,3,23.5,30.5,0,175,75,3.5
07/11/2019,28.5,11.5,28,28,15,2.5,24,30.5,60,160,0,4
08/11/2019,0,7.5,22,0,23,2.5,24,32.5,0,205,0,4.5
11/11/2019,35,15,26.5,35,17,4,22,32,67.5,145,46,6
12/11/2019,36,11.5,28.5,40,17.5,5,23.5,32.5,66.5,135,47.5,6
14/11/2019,0,11,20.5,20.5,10.5,5,27.5,32.5,67.5,135,47.5,4
15/11/2019,48,9,26.5,0,9,0,27,30.5,0,135,50,3.5
18/11/2019,50.5,6.5,26.5,35,15.5,4.5,35.5,30.5,65,175,45.5,0
19/11/2019,29,10,30,45.5,20.5,5,40.5,27.5,0,180,45,4
20/11/2019,31.5,14,30,0,18,6,40,34,57.5,202.5,43,3
21/11/2019,38,13,27.5,0,12.5,5.5,30.5,30,57.5,202.5,43,3.5
22/11/2019,37.5,11.5,24,0,7.5,5,27.5,27.5,0,207.5,43,3.5
25/11/2019,37.5,10.5,28,30.5,9,4.5,22.5,29,0,212.5,50.5,5.5
26/11/2019,30.5,7.5,28,25,10.5,5,20.5,27.5,70,135,43,5
27/11/2019,0,9,26.5,25,10.5,5.5,20,25,0,150,40,4.5
28/11/2019,0,9,26.5,25,10.5,5.5,20,25,0,150,40,4.5
29/11/2019,0,10,28,23,13,6.5,17.5,28,53,155,38,3
02/12/2019,0,9.5,31.5,30.5,15.5,5,13,0,57.5,205,39.5,0
03/12/2019,0,10.5,30.5,25.5,11.5,4.5,16,29,35.5,175,36.5,5
04/12/2019,0,13.5,35.5,0,20,6,17.5,30.5,0,0,44,7
05/12/2019,0,12.5,35.5,0,11.5,6,24.5,34,0,202.5,42.5,7.5
06/12/2019,27,12.5,40.5,29,20.5,7.5,27,35.5,53,185,43,7.5
09/12/2019,26,8.5,37.5,28,18,7.5,26,37.5,40,200,44,6.5
10/12/2019,30.5,8.5,20,23,12.5,8.5,25.5,31,30,200,46.5,4
11/12/2019,0,8.5,22,0,0,10.5,24.5,31.5,30,185,43.5,4
12/12/2019,27.5,8.5,20.5,19.5,17.5,11,17.5,33.5,30,205,35,4
16/12/2019,23,10,22.5,20,17.5,10,23.5,27.5,30,295,36,7.5
18/12/2019,17.5,9,20.5,10.5,10.5,0,30.5,27.5,47.5,275,40,5.5
19/12/2019,22.5,7.5,22.5,12.5,11.5,11.5,29.5,26,48.5,290,38,6
20/12/2019,15.5,9.5,21,16.5,15.5,9,37.5,26,50.5,365,37,5
23/12/2019,0,16,40.5,23,30.5,15,38,27.5,85,390,38,11
26/12/2019,11.5,6.5,15,6.5,11.5,6,12.5,26.5,22.5,305,41.5,3
27/12/2019,9,8,21.5,9.5,0,11,15.5,26.5,55,305,41.5,3
03/01/2020,11,9,19,11,27.5,5.5,17.5,30.5,67.5,160,40,6
06/01/2020,5.5,5.5,13.5,5.5,0,2.5,0,25,43,75,36.5,3.5
07/01/2020,6.5,5.5,14,10,20.5,2,11.5,25.5,43,95,35.5,4
09/01/2020,0,4.5,15.5,15,0,3.5,12,35.5,42.5,120,31.5,3.5
10/01/2020,0,6,20.5,0,0,3.5,13,30.5,42.5,105,31.5,3.5
13/01/2020,17.5,5,16,15.5,27.5,8,15.5,27.5,50,125,44.5,3.5
14/01/2020,8.5,3.5,14,17.5,14,3.5,14.5,25.5,0,122.5,0,3.5
15/01/2020,10,3.5,13,16,10.5,2,14.5,25.5,45,132.5,0,3.5
16/01/2020,7.5,5.5,12.5,12.5,15,4,14,27.5,50,155,45.5,5
17/01/2020,7.5,5,12.5,17.5,12.5,4,11.5,25.5,50,90,42.5,5
20/01/2020,17.5,6,16.5,20.5,17.5,4,13.5,25.5,68,150,36,5
21/01/2020,12.5,5,12.5,22.5,0,5,14,25.5,0,160,40.5,0
23/01/2020,11,4,10.5,20.5,15.5,3.5,14,24,60,135,44.5,0
24/01/2020,11,4.5,12,20.5,11.5,3.5,14,24,55,0,40.5,0
27/01/2020,17.5,5,11.5,20.5,0,4.5,17,0,0,160,42.5,5
28/01/2020,10.5,5,10.5,20.5,10.5,5,20.5,20.5,0,160,40.5,0
30/01/2020,15.5,5,10.5,15.5,10.5,5,15,20.5,55,145,40.5,5
31/01/2020,0,4.5,8.5,14.5,15.5,6,14.5,21.5,60,160,39.5,4
03/02/2020,20.5,4.5,8.5,20.5,18,6.5,14.5,22.5,70,200,45,0
04/02/2020,17.5,6,9.5,22.5,0,8,14.5,20.5,70,235,0,4
05/02/2020,20.5,5.5,12.5,20.5,0,5.5,14.5,18,75,260,0,6
06/02/2020,20.5,3.5,13.5,20.5,10.5,8,13.5,17.5,80.5,275,50,3
07/02/2020,22.5,4,14.5,22.5,11,6,14,22.5,70,245,51,4.5
10/02/2020,18,5,10,15.5,8,9,18.5,20.5,80,250,55.5,6
11/02/2020,20.5,5.5,10.5,9,9,9,14.5,20.5,90,260,55.5,6
12/02/2020,15.5,5.5,10.5,10.5,10.5,9,14.5,22.5,90,210,55.5,5.5
13/02/2020,14.5,4.5,10,11,12.5,8,15,24,0,140,56.5,4.5
14/02/2020,0,4.5,9.5,8.5,9,8,11,20.5,75,130,56.5,4.5
17/02/2020,0,4.5,10.5,12.5,11.5,8,11,22.5,0,80,56.5,4.5
18/02/2020,0,5,9.5,12.5,11.5,8,10,22.5,60.5,105,56.5,3.5
19/02/2020,15.5,5.5,9.5,10.5,14,8,12.5,20.5,52.5,102.5,0,5
20/02/2020,10.5,5.5,8,10,16.5,8,12.5,19,53,90,55.5,5
21/02/2020,10,5.5,9.5,9,12.5,8,12.5,20.5,53,90,55.5,5
24/02/2020,9.5,5.5,9.5,0,12.5,6.5,15.5,19.5,53,70,55.5,4.5
26/02/2020,14.5,5,10,17.5,9,5.5,21.5,20.5,40.5,55,54.5,4.5
27/02/2020,12.5,5,10,12.5,10,5.5,22.5,20.5,38,55,54.5,4.5
28/02/2020,17.5,4.5,10,12.5,10,5.5,22.5,20.5,38,55,52.5,4.5
02/03/2020,17.5,4.5,7.5,9,12.5,5,20,20,35,47.5,54.5,3.5
03/03/2020,20,4.5,7.5,7.5,10,0,16,20.5,40,60,0,4.5
04/03/2020,18.5,2.5,7.5,7,9,0,14,20,40,60,0,4.5
05/03/2020,16.5,4,9.5,8,0,0,14,20,35,35,0,4
06/03/2020,16.5,4,9.5,8,0,0,13.5,20,35,35,0,4
09/03/2020,19,7.5,10.5,10,10,4.5,11,20.5,40.5,43,54.5,4.5
10/03/2020,19,8.5,10.5,10,10,4.5,13,19,40,35,54.5,4.5
11/03/2020,19,6,9,10,10,4.5,11.5,21,40,35,54.5,4.5
12/03/2020,18,3.5,5.5,7.5,9,4.5,6.5,16.5,33,35,51.5,4
13/03/2020,9,3.5,6,9,11,6,9,26,35,35,0,3.5
15/03/2020,12.5,8.5,12,16.5,9,9,11,22.5,27.5,45,52.5,5.5
17/03/2020,11,6,0,16.5,9.5,12.5,12.5,26.5,45,32.5,53.5,6
18/03/2020,9,5,6,17.5,12.5,17.5,11,27.5,42.5,35,52.5,4
19/03/2020,13,12,11,17.5,9,19,11,37.5,37.5,32.5,59,6
22/03/2020,9,4,6,17,9,9,11,42.5,37.5,32.5,64,4
23/03/2020,9,5.5,6,11,9,9,11,42.5,37.5,0,68.5,4
24/03/2020,22.5,16.5,11,16.5,12.5,25,13.5,47.5,40,0,72.5,9
26/03/2020,19,17.5,19,17.5,11,22.5,21,47.5,42.5,22.5,77.5,9
27/03/2020,18,7,8,17.5,9,14,13,42.5,32.5,22.5,72.5,7
29/03/2020,20,27.5,12.5,15,27.5,32.5,21,32.5,27.5,12.5,72.5,17.5
30/03/2020,25,24.5,19,12,0,29,21,31.5,27.5,0,0,21
31/03/2020,21.5,20,30,11,32.5,34,21,31.5,22.5,12.5,82.5,18.5
01/04/2020,32.5,17.5,32.5,12.5,42.5,27.5,22,29.5,40,15,99,12.5
02/04/2020,32.5,22.5,21,17.5,37.5,27.5,20.5,27.5,42.5,15,97.5,12.5
05/04/2020,22.5,15.5,12.5,32.5,22.5,16.5,22.5,32.5,40,15,71.5,22.5
06/04/2020,22.5,18,16.5,40,0,17.5,21.5,32.5,40,120,70,17.5
07/04/2020,22.5,17.5,14.5,22.5,27.5,27.5,20,33,47.5,12.5,67.5,12.5
15/04/2020,27.5,19,7,32.5,27.5,24.5,32.5,35,40,0,63.5,11
19/04/2020,30,16.5,9,0,0,22.5,16.5,32.5,0,0,55,20
21/04/2020,30,17,10,35,25,24.5,16.5,0,32.5,20,52.5,16.5
22/04/2020,26.5,16.5,10,32.5,22.5,24.5,17.5,27.5,30,20,50,13
24/04/2020,17.5,12.5,5.5,22.5,22.5,21.5,17.5,27.5,32.5,0,50,8
25/04/2020,20,12.5,7.5,15,27,13.5,12.5,22.5,22.5,22.5,48.5,6
27/04/2020,19,21.5,8.5,12.5,22.5,17.5,21.5,22.5,27.5,22.5,41.5,10
28/04/2020,19,22.5,8.5,19,22.5,16.5,19,22.5,22.5,22.5,41.5,11
03/05/2020,32.5,31.5,9,19,0,24,19,27.5,22.5,22.5,42.5,12.5
07/05/2020,27.5,37.5,11,19,65,21.5,37.5,37.5,22.5,42.5,49,24
10/05/2020,25,36,9.5,22.5,55,0,37.5,32.5,12.5,27.5,47.5,21.5
11/05/2020,20,37.5,10,27.5,55,12.5,37.5,27.5,17.5,34,62.5,25
14/05/2020,26.5,38.5,7.5,32.5,50,7.5,42.5,32.5,27.5,32.5,54,26.5
17/05/2020,27.5,37.5,8.5,32.5,0,10,42.5,32.5,37.5,0,49,27.5
21/05/2020,47.5,36,8.5,25,0,10,47.5,32.5,40,27.5,49,22.5
26/05/2020,55,39,8.5,25,0,19,62.5,32.5,40,27.5,46,30
27/05/2020,52.5,46,9.5,25,0,11,62.5,31.5,32.5,22.5,46,22.5
01/06/2020,36.5,37.5,12.5,37.5,0,13.5,42.5,27.5,32.5,42.5,52.5,22.5
08/06/2020,38,31,10,37.5,0,11,36.5,27.5,37.5,75,52.5,12.5
17/06/2020,38,27.5,19,47.5,0,10,0,27.5,42.5,55,56.5,11
21/06/2020,32.5,28.5,31,25,55,6,27.5,35,62.5,55,56.5,12.5
23/06/2020,35,30,34,25,55,5,27.5,35,62.5,65,52.5,11
24/06/2020,32.5,29.5,47.5,25,55,5,22.5,35,35,55,50.5,11
28/06/2020,32.5,26,43.5,0,57.5,3.5,17.5,35,45,95,47.5,7.5
30/06/2020,32.5,22.5,42.5,25,57.5,3.5,8,37.5,37.5,95,46,7.5
03/07/2020,32.5,22.5,42.5,27.5,57.5,6,7,32.5,40,110,42.5,10
05/07/2020,27.5,27.5,47.5,32.5,57.5,5.5,7,32.5,37.5,110,37.5,0
06/07/2020,27.5,24,47.5,32.5,50,5.5,9,27.5,27.5,75,37.5,9
07/07/2020,27.5,24,47.5,32.5,50,0,9,27.5,27.5,75,37.5,9
08/07/2020,27.5,17.5,37.5,37.5,55,5.5,9,27.5,27.5,95,40.5,6.5
09/07/2020,27.5,17.5,47.5,41.5,47.5,5.5,9,27.5,27.5,95,0,6.5
12/07/2020,32.5,21,51.5,41.5,27.5,2.5,9,27.5,27.5,65,42.5,10
13/07/2020,51,16.5,51.5,41.5,27.5,4,9,27.5,27.5,45,42.5,10
14/07/2020,46,16.5,51.5,52.5,27.5,4,6,27.5,27.5,45,42.5,10
15/07/2020,32.5,16,27.5,52.5,27.5,5.5,6.5,32.5,32.5,27.5,41.5,5.5
02/08/2020,19,10,22.5,22.5,17.5,4.5,5.5,35,37.5,22.5,38.5,6.5
03/08/2020,19,6.5,22.5,22.5,17.5,4.5,6,35,37.5,22.5,36.5,6.5
04/08/2020,19,9,22.5,22.5,17.5,4.5,6,35,47.5,22.5,31.5,6.5
05/08/2020,22.5,5.5,22.5,25,17.5,4,12.5,44,55,45,31.5,5.5
06/08/2020,37.5,5,25,22.5,17.5,6,17.5,44,75,45,30.5,5.5
09/08/2020,32.5,7,36,33,17.5,5.5,23,41,55,45,35.5,5.5
11/08/2020,14,6.5,19,37.5,17.5,7,20,42.5,42.5,45,40.5,6.5
12/08/2020,16,5,21.5,37.5,12.5,5.5,9,37.5,37.5,52.5,35,5
13/08/2020,17.5,5,21.5,37.5,12.5,5.5,9,37.5,40,62.5,35,5
17/08/2020,17.5,9,27.5,37.5,12.5,5.5,13.5,32.5,50,90,34,5
20/08/2020,22.5,5,12.5,52.5,12.5,5.5,17.5,32.5,37.5,75,33.5,5
23/08/2020,17.5,5,27.5,40,12.5,5.5,17.5,32.5,50,80,33.5,6.5
24/08/2020,17.5,5,22.5,40,12.5,5.5,17.5,32.5,50,80,33.5,6.5
25/08/2020,17.5,5,22.5,40,12.5,5.5,30,32.5,55,85,33.5,6.5
26/08/2020,17.5,5,21,40,12.5,5.5,32.5,31.5,55,85,33.5,6.5
27/08/2020,17.5,6,24.5,40,12.5,5.5,32.5,31.5,55,85,31.5,5.5
02/09/2020,16.5,5,21,52.5,13.5,5.5,32.5,29,55,65,32.5,5.5
03/09/2020,19,6.5,17.5,52.5,13.5,5.5,32.5,29,60,52.5,32.5,6
07/09/2020,19,7.5,20,35,13.5,6.5,35,29,72.5,52.5,42.5,6.5
08/09/2020,20,7.5,20,35,13.5,6.5,34,29,72.5,52.5,42.5,6.5
14/09/2020,22.5,6,20,22.5,13.5,5.5,27.5,37.5,77.5,32.5,32.5,7
23/09/2020,19.5,5.5,18.5,17.5,22.5,6,27.5,32.5,35,35,31.5,5.5
24/09/2020,19.5,5.5,18.5,17.5,22.5,6.5,27.5,42.5,145,42.5,31.5,5.5
27/09/2020,37.5,6,27.5,35,25,6.5,16.5,42.5,145,22.5,34,8.5
29/09/2020,37.5,5.5,27.5,35,25,6.5,17.5,41.5,145,22.5,34,8.5
04/10/2020,37.5,6.5,22.5,45,25,6.5,14.5,27.5,145,22.5,34,9
06/10/2020,35,5,21,45,17.5,4.5,9,27.5,145,22.5,33.5,5.5
07/10/2020,45,5,21,45,20,4.5,9,27.5,135,20,33.5,5.5
08/10/2020,45,5,26.5,45,20,4.5,6.5,27.5,135,17.5,35,5.5
11/10/2020,45,9,26.5,45,17.5,5,10,27.5,135,22.5,35,9
12/10/2020,45,10,26.5,50,17.5,5,10,27.5,135,22.5,35,10
14/10/2020,42.5,5,20.5,55,17.5,4.5,12.5,27.5,155,22.5,35,5
15/10/2020,42.5,5,20.5,57.5,17.5,4.5,14.5,27.5,155,22.5,35,5
19/10/2020,37.5,9,19.5,57.5,22.5,8.5,17.5,27.5,155,12.5,35.5,5.5
20/10/2020,37.5,9,19.5,57.5,22.5,8.5,17.5,27.5,155,17.5,36.5,5.5
21/10/2020,37.5,9,19.5,52.5,22.5,8.5,17.5,27.5,155,17.5,36.5,5.5
22/10/2020,37.5,9,19.5,42.5,22.5,8.5,22.5,27.5,155,32.5,36.5,5.5
25/10/2020,37.5,13,19.5,42.5,22.5,8.5,22.5,27.5,155,32.5,36.5,9
26/10/2020,37.5,14,21,42.5,22.5,10.5,22.5,27.5,155,32.5,41.5,10
27/10/2020,42.5,14,21,42.5,42.5,9,22.5,27.5,155,37.5,37.5,10
28/10/2020,42.5,14,0,42.5,42.5,9,0,0,170,37.5,37.5,10
04/11/2020,52.5,31.5,26,55,55,25,31,35,175,72.5,41.5,17.5
06/11/2020,52.5,21,16,55,22.5,13.5,19,35,175,72.5,35,16
11/11/2020,52.5,30.5,24,55,55,7.5,15,27.5,175,125,34.5,25
12/11/2020,52.5,30,24.5,55,55,19,12.5,27.5,175,125,37.5,19
17/11/2020,50,40,42.5,45,65,12.5,12.5,27.5,175,125,37.5,25
18/11/2020,50,40,42.5,45,65,26.5,16.5,26.5,175,82.5,41.5,25
30/11/2020,47.5,67.5,80,67.5,70,30,37.5,22.5,125,425,82.5,62.5
03/12/2020,55,57.5,52.5,67.5,85,12.5,42.5,22.5,107.5,425,52.5,61.5
08/12/2020,60,60,57.5,42.5,115,11.5,45,12.5,107.5,310,51,61.5
09/12/2020,41,60,57.5,41,115,9,37.5,12.5,110,310,42.5,57.5
10/12/2020,47.5,53.5,57.5,37.5,55,14,42.5,24,140,350,52.5,45
10/12/2020,42.5,50,50,32.5,95,12,42.5,12.5,107.5,350,47.5,45
15/12/2020,47.5,53.5,57.5,37.5,55,14,42.5,24,140,350,52.5,45
22/12/2020,65,70,65,75,55,17.5,57.5,27.5,205,550,87.5,55
27/12/2020,65,95,62.5,90,95,11,72.5,26.5,215,750,72.5,65
06/01/2021,25,87.5,70,24,27.5,6,47.5,25,225,215,72.5,52.5
11/01/2021,35,77.5,70,22.5,22.5,11.5,40,22.5,225,375,72.5,50
12/01/2021,40,72.5,62.5,35,25,10,37.5,22.5,225,500,72.5,50
14/01/2021,55,87.5,55,45,62.5,12.5,40,22.5,125,550,75,55
15/01/2021,45,90,50,45,60,11,37.5,22.5,135,450,75,55
18/01/2021,45,90,65,52.5,65,13.5,32.5,20,150,440,75,65
19/01/2021,32.5,85,60,45,50,13.5,32.5,20,150,425,72.5,62.5
21/01/2021,27.5,85,57.5,32.5,50,12.5,27.5,17.5,135,425,77.5,52.5
25/01/2021,17.5,57.5,52.5,22.5,50,12.5,16.5,18.5,125,175,77.5,32.5
27/01/2021,20,50,50,22.5,40,12.5,13.5,15,130,95,75.5,19
29/01/2021,26.5,37.5,45,13.5,37.5,12.5,12,13.5,130,125,62.5,12.5
01/02/2021,23.5,45,45,16.5,47.5,14,14,13.5,175,125,47.5,40
03/02/2021,27.5,75,65,17.5,60,13.5,20,17.5,175,125,52.5,11.5
05/02/2021,34,80,72.5,25,62.5,13.5,21.5,20,225,205,61.5,25
10/02/2021,20,62.5,65,25,62.5,13.5,21.5,20,225,165,52.5,11.5
11/02/2021,11,57.5,57.5,16.5,32.5,13.5,11.5,22.5,155,135,52.5,11.5
15/02/2021,13.5,55,57.5,17,40,7.5,9.5,22.5,160,175,46,13.5
17/02/2021,29,50,55,17,47.5,5,8.5,22.5,160,165,45,12.5
19/02/2021,15,50,55,16.5,47.5,5,8.5,22.5,135,155,43.5,12
22/02/2021,26.5,37.5,55,25,22.5,4.5,9,15,130,135,38.5,8.5
24/02/2021,24,37.5,52.5,17.5,30,6.5,23.5,15,130,145,36.5,10
01/03/2021,17.5,20,39,20,30,6.5,12,12.5,110,90,32.5,10
03/03/2021,22.5,16.5,35,16,22.5,4,12,12.5,90,80,31,9
08/03/2021,27.5,20.5,35,14.5,32.5,4.5,12.5,12.5,85,55,23.5,6.5
10/03/2021,27.5,12.5,40,14.5,32.5,4.5,16,12.5,85,55,24,6.5
12/03/2021,22.5,12.5,37.5,13.5,27.5,4.5,13.5,12.5,60,60,26.5,7
15/03/2021,22.5,15,32.5,27.5,27.5,5,11,12.5,60,60,26,7
17/03/2021,21,13.5,30,29,22.5,5.5,11,17.5,47.5,60,26.5,7
22/03/2021,17,12.5,19,16.5,40,5.5,12,17.5,45,50,23.5,8
23/03/2021,18,8,19,16.5,32.5,5.5,12,17.5,45,55,24.5,6
25/03/2021,18,7,22.5,20,30,5.5,13,17.5,45,45,25.5,6
26/03/2021,15,7,22.5,20,30,5.5,13,17.5,32.5,60,24,7.5
30/03/2021,32.5,12.5,14,17.5,37.5,5.5,27.5,17.5,32.5,65,20,14
05/04/2021,22.5,12.5,27.5,32.5,52.5,5.5,17.5,17.5,32.5,65,21.5,12
06/04/2021,21.5,12.5,22.5,17.5,42.5,5.5,17.5,17.5,32.5,65,21.5,11
07/04/2021,22.5,9,19,37.5,62.5,5.5,17.5,17.5,32.5,55,24,7.5
08/04/2021,24,9,19,32.5,62.5,5.5,17.5,17.5,32.5,35,24,7.5
12/04/2021,24,9,17.5,34,45,6,16,17.5,27.5,32.5,23.5,8.5
14/04/2021,24,10,16,34,92.5,6.5,15,17.5,27.5,27.5,19,9
16/04/2021,26.5,9,16,32.5,87.5,6.5,17,11,55,27.5,20,9
19/04/2021,37.5,9,16,32.5,75,12,18,11,45,27.5,22.5,15
21/04/2021,32.5,9,16,32.5,75,11,13.5,12.5,45,27.5,21,16.5
22/04/2021,27.5,9,16,17.5,75,10,13.5,11,45,27.5,21,11
24/04/2021,27.5,8,16,17.5,75,9,18,11,50,27.5,21,11
29/04/2021,26,8,16.5,22.5,65,9,18,11,45,27.5,21.5,11
04/05/2021,27.5,11,7,22.5,75,9,9,11,55,27.5,18.5,11
05/05/2021,27.5,9,14,22.5,52.5,9,9,11.5,62.5,37.5,18.5,12
07/05/2021,27.5,6.5,19,22.5,45,9,7,11.5,52.5,22.5,17,12
11/05/2021,27.5,6.5,16,22.5,52.5,9,7,12.5,37.5,22.5,17,8
27/05/2021,17.5,6.5,14,17.5,82.5,13,11,12.5,22.5,22.5,17,5.5
01/06/2021,31,11,14,27.5,47.5,13.5,27.5,12.5,37.5,17.5,17,9
25/06/2021,32.5,13.5,14,62.5,32.5,17.5,39,11,80,37.5,17,9
29/06/2021,32,16.5,17.5,57.5,36,20,27.5,11,80,37.5,18,9
21/07/2021,16.5,32.5,17.5,21,17.5,9,20,16,67.5,32.5,23.5,11
23/07/2021,17.5,27.5,11,16.5,17.5,8,14,16.5,52.5,22.5,26.5,11
26/07/2021,27.5,37.5,37.5,42.5,22.5,16,16,16.5,72.5,32.5,29,11
28/07/2021,22.5,42.5,19,32.5,14,16,22.5,16.5,95,32.5,36.5,11.5
30/07/2021,32.5,37.5,27.5,37.5,12.5,22.5,27.5,17.5,95,22.5,37.5,13
02/08/2021,32.5,41,32.5,42.5,32.5,16.5,36,16,85,17.5,22.5,14
04/08/2021,22.5,42.5,37.5,37.5,22.5,19,32.5,16.5,95,32.5,27.5,22.5
06/08/2021,47.5,52.5,32.5,55,17.5,19,32.5,19,65,40,34,27.5
09/08/2021,37.5,62.5,42.5,62.5,32.5,20.5,36.5,21.5,77.5,32.5,36,37.5
11/08/2021,95,82.5,72.5,62.5,95,31.5,27.5,21.5,80,32.5,27.5,62.5
13/08/2021,65,75,65,55,70,29,21.5,19,65,32.5,22.5,50
16/08/2021,85,105,75,75,55,36,11,19,75,27.5,24,42.5
18/08/2021,65,80,65,75,65,41.5,11,19,75,50,28.5,65
20/08/2021,70,95,65,75,65,41.5,14,19,75,65,31.5,65
23/08/2021,85,105,65,75,95,47.5,11,19,75,75,31,75
25/08/2021,65,95,75,75,100,42.5,6,19,45,110,27,65
27/08/2021,65,95,65,85,75,37.5,5.5,16,65,75,26,55
30/08/2021,75,75,75,60,95,52.5,6,13.5,80,90,27,55
01/09/2021,75,75,75,65,90,37.5,11,14,80,90,27,45
02/09/2021,0,75,55.5,65.5,90,32.5,9,14,95,150,27,40
06/09/2021,0,50,55,55,90,27.5,9,14,110,375,31.5,37.5
07/09/2021,0,40,35.5,70,70.5,22.5,8,14,130,370,30.5,20.5
09/09/2021,0,40.5,45.5,68,63,10.5,10.5,15,130,260,40.5,10
13/09/2021,0,55,37.5,75,70,20.5,14,16,130,245,39,27.5
15/09/2021,90,42.5,32.5,70,35,17.5,20,27.5,127.5,215,39,22.5
17/09/2021,95,55,32.5,65,45,17.5,27.5,29,140,215,36.5,17.5
20/09/2021,90,55,32.5,85,50,13.5,32.5,24.5,127.5,275,39,15
22/09/2021,0,52.5,37.5,75,45,9,34.5,21,135,275,39,17.5
24/09/2021,0,52.5,27.5,80,50,11.5,32.5,14,140,275,39,17.5
27/09/2021,0,72.5,27.5,85,75,14,37.5,16.5,140,240,41.5,22.5
28/09/2021,0,55,32.5,110,65,14,37.5,16.5,130,240,41.5,27.5
29/09/2021,95,62.5,41.5,110,80,11,36,15,110,225,44,22.5
04/10/2021,85,42.5,47.5,85,55,13,27.5,14,75,130,44,16.5
06/10/2021,65,32.5,37.5,55,50,11,29,14,67.5,105,52.5,17.5
07/10/2021,75,27.5,30,65,35,7,19,14,65,160,59,16
08/10/2021,75,32.5,32.5,65,35,7,23,16.5,85,160,56.5,16
11/10/2021,55,22.5,32.5,55,40,6,29,19,70,140,59,11
13/10/2021,75,52.5,60,65,65,13,37.5,19,75,160,62.5,27.5
19/10/2021,75,21.5,27.5,65,27.5,10.5,47.5,22.5,80,160,59,11
20/10/2021,95,21.5,37.5,65,37.5,9,42.5,20,85,190,51,11
22/10/2021,85,25,37.5,65,25,11,47.5,20,95,240,43.5,8.5
26/10/2021,85,27.5,43.5,65,25,11,42.5,20,95,190,43.5,8.5
27/10/2021,85,22.5,32.5,75,27.5,7.5,42.5,20,85,170,51.5,6.5
28/10/2021,75,22.5,25,75,17.5,6.5,37.5,17.5,75,165,50,6.5
29/10/2021,75,22.5,32.5,55,22.5,7,42.5,19,72.5,115,44,7
02/11/2021,75,45,70,52.5,22.5,15,42.5,19,72.5,140,44,10.5
03/11/2021,90,37.5,67.5,75,40,14,40,19,95,140,48.5,13.5
04/11/2021,95,32.5,65,65,30,11.5,27.5,16.5,65,95,48.5,7
05/11/2021,75,42.5,37.5,65,30,11,27.5,19,45,80,51.5,9
08/11/2021,90,42.5,47.5,65,30,11,22.5,15.5,65,50,46.5,17.5
09/11/2021,80,37.5,47.5,45,32.5,10.5,16.5,16.5,50,55,44,13.5
10/11/2021,75,40.5,55,40,25,9,13.5,16.5,42.5,50,44,11
11/11/2021,77.5,42.5,65,42.5,37.5,10,13.5,20,42.5,52.5,42.5,11
12/11/2021,60,40,55,55,32.5,10,11,16.5,45,50,42.5,11
15/11/2021,65,30,75,85,30,14,11,18.5,50,55,46.5,9
16/11/2021,30,27.5,72.5,52.5,27.5,15.5,11,19,37.5,65,41.5,8.5
18/11/2021,47.5,16.5,50,41.5,25,15.5,11,18,37.5,65,42.5,8.5
19/11/2021,47.5,20,70,47.5,22.5,16.5,11,16.5,42.5,67.5,37.5,8
22/11/2021,47.5,22.5,75,82.5,22.5,13.5,13.5,16.5,72.5,33.5,42.5,9
23/11/2021,55,18,75,60,22.5,13.5,13.5,16.5,65,62.5,42.5,9
24/11/2021,57.5,18,65,55,12.5,13.5,13.5,16.5,65,62.5,37.5,7.5
26/11/2021,75,20.5,45,72.5,27.5,11,13.5,16,55,62.5,41.5,7
29/11/2021,75,12.5,55,72.5,25,11,12.5,13.5,75,55,41.5,9
01/12/2021,80,16.5,47.5,67.5,12.5,8.5,13,16.5,105,40,42.5,7.5
02/12/2021,75,17.5,40,65,22.5,9,13.5,16,95,40,39,7.5
03/12/2021,85,16.5,32.5,65,22.5,7,13.5,16,85,40,41.5,4.5
06/12/2021,85,17.5,40,65,17.5,9,19,19,65,40,41,6.5
07/12/2021,85,13.5,33,55,17.5,10.5,21,19,70,45,41,6.5
09/12/2021,90,12.5,37.5,45,17.5,11,22.5,19,55,45,35,6.5
10/12/2021,100,16,35,45,25,12,22.5,19,65,50,42.5,6.5
13/12/2021,75,16,22.5,45,17.5,16.5,37.5,19,80,50,42.5,7
14/12/2021,57.5,12.5,22.5,37.5,12.5,12.5,35,17.5,55,52.5,42.5,9
15/12/2021,45,15,22.5,32.5,12.5,11,15.5,21,85,52.5,41.5,7
16/12/2021,45,15,32.5,32.5,12.5,13,13.5,19,75,32.5,42.5,7
17/12/2021,45,17.5,35,37.5,17.5,16.5,20.5,16.5,75,32.5,37.5,9
20/12/2021,55,22.5,32.5,45,17.5,22.5,27.5,17.5,80,32.5,41.5,11
22/12/2021,45,12.5,32.5,32.5,30,16.5,16.5,16.5,90,32.5,57.5,7
27/12/2021,18.5,13.5,22.5,17.5,11,17.5,28.5,19,82.5,27.5,42.5,9
28/12/2021,32.5,12.5,32.5,22.5,19,22.5,27.5,16.5,125,22.5,42.5,9
29/12/2021,75,11,37.5,25,12.5,16.5,19,16.5,105,22.5,37.5,5.5
03/01/2022,27.5,12.5,22.5,22.5,42.5,12.5,37.5,16.5,97.5,37.5,42.5,9
04/01/2022,27.5,13.5,20,22.5,27.5,12.5,22.5,16.5,82.5,22.5,40,9
05/01/2022,27.5,9,17.5,12.5,12.5,11,22.5,16.5,75,17.5,40,9
06/01/2022,32.5,8.5,17.5,17.5,7.5,7,17.5,16.5,60,12.5,37.5,4
07/01/2022,35,7.5,27.5,22.5,7.5,7,27.5,16.5,100,22.5,32.5,4
11/01/2022,14,9,20.5,15,20.5,15.5,25.5,19,80,20.5,25,5
12/01/2022,37.5,10,16,12.5,12.5,11,16,19,65,35,31.5,9
13/01/2022,27.5,10,15,12.5,12.5,13,16.5,19,65,27.5,29,7
14/01/2022,22.5,11,17.5,11,12.5,18.5,16.5,19,55,22.5,32.5,8
20/01/2022,32.5,11,16.5,17.5,17.5,19,26,22.5,62.5,22.5,34,7
21/01/2022,32.5,11,17,16.5,17.5,16,32.5,19,62.5,22.5,32.5,5.5
24/01/2022,27.5,7.5,21.5,23.5,25,22.5,26,16.5,65,22.5,33.5,8.5
25/01/2022,22.5,9,17.5,17.5,22.5,17.5,25,16.5,65,22.5,32.5,8.5
27/01/2022,22.5,9,22.5,16.5,19,12.5,17.5,17.5,72.5,22.5,32.5,6.5
28/01/2022,22.5,9,22.5,16.5,19,9,17.5,17.5,82.5,22.5,32.5,9
31/01/2022,22.5,7.5,31.5,13.5,20,6.5,27.5,16.5,55,17.5,27.5,6
02/02/2022,30,6,35,17.5,12.5,6,27.5,16,65,19,27.5,6
04/02/2022,37.5,5,22.5,17.5,12.5,6.5,32.5,19,65,22.5,27.5,4
07/02/2022,42.5,9,27.5,22.5,17.5,6.5,32.5,12.5,92.5,22.5,22.5,7.5
09/02/2022,47.5,7.5,27.5,19,17.5,6.5,37.5,12.5,105,22.5,22.5,7.5
10/02/2022,35,7.5,25,19,17.5,6.5,37.5,17.5,105,22.5,22.5,6.5
11/02/2022,34,6,22.5,16.5,12.5,6.5,47.5,19,95,27.5,22.5,5
14/02/2022,35,6,30,31,12.5,4.5,46,14,100,42.5,27.5,5
15/02/2022,27.5,6,40,27.5,12.5,4.5,42.5,12.5,120,32.5,24,5
16/02/2022,20,6,40,27.5,11,4.5,30,12.5,95,32.5,27.5,4.5
17/02/2022,22.5,6,35,27.5,11,6,29.5,15.5,105,32.5,26.5,4.5
18/02/2022,32.5,6,30,22.5,11,5,32.5,15.5,115,27.5,24,4.5
21/02/2022,32.5,6.5,42.5,27.5,12.5,6.5,42.5,19,110,32.5,22.5,9
23/02/2022,32.5,6.5,37.5,25,17.5,9,37.5,19,110,32.5,27.5,6.5
24/02/2022,32.5,9,42.5,27.5,19,9,42.5,19,105,32.5,27.5,6.5
28/02/2022,50,5,45,45,17.5,5,52.5,16.5,110,32.5,21.5,5
01/03/2022,50,5,50,47.5,17.5,5,52.5,16.5,110,32.5,21.5,5
02/03/2022,55,5,45,52.5,14.5,6,55,16.5,130,32.5,22.5,6
03/03/2022,55,5,45,52.5,13.5,6,52.5,17.5,130,32.5,22.5,6
04/03/2022,45,8,45,45,17.5,6,62.5,16.5,145,32.5,22.5,6
07/03/2022,55,11,50,55,32.5,8,55,16.5,150,32.5,22.5,11
08/03/2022,52.5,10,50,42.5,20,9,65,17.5,162.5,32.5,27.5,9
10/03/2022,30,9,45,45,17.5,7,47.5,17.5,190,27.5,27.5,6.5
11/03/2022,42.5,8,37.5,37.5,12.5,6.5,42.5,16.5,190,32.5,22.5,4
16/03/2022,27.5,11,30,27.5,28,5,42.5,15,215,25,26,6
17/03/2022,27.5,8.5,30,27.5,17.5,4.5,42.5,15,215,25,25.5,7
18/03/2022,30,9,42.5,17.5,12.5,5,27.5,15,230,32.5,26.5,7
21/03/2022,30,8,30,17.5,12.5,5,27.5,16.5,190,37.5,26.5,11
22/03/2022,25,7.5,35,22.5,20,5,22.5,16.5,190,37.5,26.5,7
23/03/2022,25,10,42.5,22.5,20,6,19,16.5,200,45,26.5,6
24/03/2022,27.5,9,32.5,22.5,12.5,6,22.5,16.5,210,37.5,26.5,6
28/03/2022,41.5,9,32.5,16.5,22.5,6,17.5,16.5,165,37.5,26.5,6
30/03/2022,27.5,15,27.5,27.5,17.5,4,13.5,16.5,170,27.5,27.5,13.5
04/04/2022,40,22.5,27.5,27.5,25,5,16.5,17.5,190,32.5,30,11
05/04/2022,37.5,27.5,27.5,27.5,25,5,16.5,16.5,210,40,27.5,16.5
06/04/2022,22.5,16,27.5,27.5,17.5,6,12.5,16.5,230,40,29,16.5
07/04/2022,27.5,12.5,32.5,22.5,15,4.5,11,19,210,45,31.5,13.5
11/04/2022,47.5,19,32.5,37.5,40,4,19,20,230,40,32.5,16.5
12/04/2022,35,13.5,22.5,35,27.5,4,9,22.5,190,45,30.5,11
13/04/2022,42.5,11,25,27.5,17.5,4,11,22.5,190,45,32.5,11
18/04/2022,40,18.5,32.5,40,35,5,13.5,26.5,190,52.5,36.5,22.5
20/04/2022,38,18,30.5,34,25.5,3.5,11,20.5,105,55,34,22.5
22/04/2022,25.5,19,22.5,20.5,20.5,3.5,10.5,16.5,105,65.5,26,15.5
25/04/2022,42.5,16.5,37.5,23.5,17.5,6,11,16.5,160,60,27.5,19
26/04/2022,42.5,16.5,30,22.5,17.5,6,9,16.5,140,80,28.5,12.5
27/04/2022,42.5,15,25.5,20.5,17.5,6,11.5,16.5,140,70,32.5,12.5
28/04/2022,32.5,16.5,24,22.5,17.5,6,9,19,150,80,27.5,13.5
02/05/2022,27.5,34,31.5,24,17.5,6,11,19,110,80,30.5,17.5
04/05/2022,40,25,30.5,32.5,17.5,5,9,17.5,95,110,27.5,17.5
05/05/2022,40,24,26.5,32.5,17.5,6,11,19,85,110,32.5,15
06/05/2022,32.5,22.5,25,37.5,17.5,6,9,19,95,110,31,17.5
10/05/2022,37.5,32.5,31.5,32.5,17.5,11,11,19,95,110,32.5,17.5
11/05/2022,37.5,27.5,32.5,27.5,17.5,11,11,22.5,90,130,32.5,17.5
12/05/2022,30,25,32.5,30,17.5,11,9,22.5,65,130,33.5,17.5
16/05/2022,21.5,17.5,20,5,17.5,8.5,21,22.5,55,75,39,17.5
17/05/2022,30,17.5,22.5,12.5,17.5,9,18.5,27.5,80,90,36.5,12.5
18/05/2022,32.5,16.5,20,12.5,22.5,7,17.5,25.5,75,95,38.5,9
19/05/2022,42.5,12.5,22.5,17.5,17.5,7,16.5,27.5,55,95,38.5,16.5
20/05/2022,35,17.5,21.5,10,17.5,7,16.5,27.5,55,95,38.5,17.5
23/05/2022,42.5,66,12.5,15,17.5,6.5,17.5,22.5,110,107.5,32.5,17.5
25/05/2022,37.5,12.5,20,17.5,37.5,6.5,32.5,22.5,72.5,110,37.5,14.5
26/05/2022,47.5,9.5,22.5,27.5,35,7.5,37.5,19,100,105,34,11.5
27/05/2022,50,11.5,21,27.5,22.5,7.5,42.5,19,95,120,34,15
30/05/2022,45,14,34,45,30,7.5,36.5,14,110,90,30.5,20
31/05/2022,45,12.5,27.5,45,32.5,7.5,32.5,13.5,105,110,31,16
01/06/2022,42.5,11.5,25,47.5,32.5,7.5,32.5,14,115,110,27.5,16
02/06/2022,40,9,26,42.5,60,6.5,32.5,14,75,110,27.5,12.5
06/06/2022,37.5,14,28.5,52.5,50,6.5,37.5,15,80,140,34.5,17.5
07/06/2022,27.5,15,26.5,32.5,55,7.5,31,19,65,160,34.5,22.5
08/06/2022,27.5,15,25,50,52.5,9,32.5,16.5,55,165,34,17.5
09/06/2022,27.5,16,25,47.5,67.5,9,22.5,19,52.5,165,34,17.5
10/06/2022,37.5,16,27.5,45,75,7.5,24,34,57.5,165,34,17.5
13/06/2022,35,11.5,25,52.5,60,11,32.5,19,65,140,31.5,21
14/06/2022,32.5,13.5,25,50,55,11,32.5,21.5,65,130,31.5,17.5
15/06/2022,30,10,25,45,62.5,11,34,22.5,45,140,39,17.5
16/06/2022,30,11.5,22.5,32.5,65,11.5,31.5,21.5,42.5,130,42.5,0
17/06/2022,27.5,12.5,25.5,40,25,11,32.5,21,42.5,140,37.5,22.5
20/06/2022,25,12.5,26.5,45,50,11,36.5,19,62.5,120,39,22.5
21/06/2022,30,11.5,0,45,52.5,13.5,32.5,19,50,140,39,22.5
22/06/2022,25,12.5,29,45,47.5,14,25,19,42.5,155,39,22.5
23/06/2022,32.5,12.5,21.5,42.5,30,11.5,21.5,19,42.5,140,36.5,22.5
24/06/2022,32.5,12.5,24,45,35,13.5,22.5,17.5,40,155,35,22.5
27/06/2022,47.5,12.5,28,42.5,40,13.5,32.5,17.5,42.5,190,37.5,14
28/06/2022,45,12.5,32.5,45,45,0,36.5,20,0,0,0,0
29/06/2022,42.5,11,31.5,37.5,45,12,36.5,20,57.5,260,40,12.5
30/06/2022,37.5,10.5,30,37.5,27.5,11.5,32.5,17.5,50,270,42.5,12.5
01/07/2022,37.5,12.5,30,35,25,14,32.5,21,45,300,40,12.5
04/07/2022,45,12,33.5,37.5,42.5,11,36,17.5,52.5,315,42.5,11
05/07/2022,47.5,11.5,37.5,47.5,35,11,25,22.5,60,290,42.5,11
06/07/2022,52.5,11.5,37.5,42.5,32.5,11,25,22.5,60,270,39,11
07/07/2022,47.5,12.5,37.5,47.5,27.5,6.5,22.5,21,57.5,265,22.5,14
08/07/2022,55,11.5,37.5,45,32.5,9,21,18.5,67.5,245,44,12.5
11/07/2022,45,8.5,40,55,32.5,7.5,23.5,18.5,75,275,42.5,11
12/07/2022,47.5,8.5,40,55,25,7.5,23.5,22.5,55,270,39,9
13/07/2022,45,6.5,39,55,32.5,7.5,21.5,22.5,67.5,285,40,9
18/07/2022,45,9,42.5,62.5,6.5,7.5,9.5,22.5,67.5,190,43.5,9
19/07/2022,32.5,11.5,40,62.5,26.5,8,9,22.5,65,190,37.5,10
20/07/2022,45,12.5,43,65,27.5,7,11,22.5,65,155,41,11
21/07/2022,45,10,37.5,65,27.5,9,10.5,21,65,155,41,11
22/07/2022,45,10,37.5,65,30,9,11,21,62.5,145,40,10
26/07/2022,65,10.5,55,65,32.5,12.5,11,21.5,57.5,145,40,11
27/07/2022,42.5,10,55,65,30,11,11.5,21,52.5,145,36,9.5
28/07/2022,50,11.5,50,65,32.5,6,11,21,55,145,36,10
29/07/2022,41,11.5,45,62.5,32.5,10.5,10,21,55,145,37.5,9
01/08/2022,47.5,10,52.5,65,32.5,12.5,11,22.5,42.5,215,38.5,11
02/08/2022,32.5,9,50,65,27.5,10.5,10,22.5,40,225,37.5,11
03/08/2022,45,10,54,62.5,25,11,10,22.5,40,240,37.5,11
04/08/2022,35,9,55,57.5,27.5,11,9,22.5,52.5,265,37.5,11.5
05/08/2022,45,8,57.5,52.5,29,9.5,9,22.5,55,260,37.5,13
08/08/2022,55,7.5,55,62.5,35,9,13,22.5,62.5,300,39,11
09/08/2022,55,8,50,62.5,42.5,9.5,11.5,22.5,72.5,325,37.5,11
10/08/2022,47.5,7.5,50,62.5,37.5,6.5,11,22.5,75,285,38.5,12
11/08/2022,62.5,8.5,56.5,62.5,32.5,9.5,11.5,21,80,290,36,10
12/08/2022,52.5,7.5,60,65,30,9.5,13,26.5,95,310,36.5,11
15/08/2022,90,8,68.5,67.5,25,10,20,22.5,105,345,34.5,8
16/08/2022,85,8,70,70,22.5,11,21.5,22.5,90,340,34,8
17/08/2022,70,8.5,60,72.5,22.5,10.5,21,22.5,85,315,36.5,8
19/08/2022,57.5,9,62.5,77.5,30,12.5,21,22.5,90,265,36.5,11
22/08/2022,85,8,62.5,105,37.5,14,17,22.5,125,265,37.5,10
23/08/2022,80,9.5,60,87.5,45,9,16.5,24,125,235,36.5,10
24/08/2022,65,7.5,59,97.5,37.5,9,16.5,22.5,120,165,36.5,8
25/08/2022,70,9.5,52.5,97.5,27.5,9,16.5,22.5,100,190,40,9
26/08/2022,62.5,10.5,59,92.5,22.5,7,15.5,26,115,165,36.5,9
30/08/2022,85,13.5,65,95,50,7,40,28.5,97.5,90,37.5,10
31/08/2022,95,15,65,92.5,52.5,7,37.5,23.5,97.5,110,37.5,9
01/09/2022,65,17.5,76,92.5,52.5,7,30,22.5,65,102.5,37.5,9
02/09/2022,70,18.5,62.5,100,42.5,9,32.5,22.5,85,105,37.5,9
05/09/2022,45,15,87.5,95,62.5,10.5,42.5,22.5,105,105,37.5,11
06/09/2022,45,18,75,95,55,10.5,40,22.5,105,90,36.5,11
07/09/2022,70,18.5,50,75,45,9.5,39.5,21.5,95,90,38.5,11
08/09/2022,80,15,67.5,42.5,55,9.5,42.5,26.5,85,95,39,11
09/09/2022,75,20,67.5,55,55,11,42.5,26.5,105,95,37.5,11
12/09/2022,80,19,77.5,55,85,13.5,57.5,21.5,105,80,37.5,13.5
13/09/2022,77.5,20,77.5,65,60,13.5,50,22.5,105,85,37.5,10
14/09/2022,77.5,23.5,71.5,47.5,52.5,14,47.5,22.5,105,85,37.5,8.5
15/09/2022,80,20,66.5,52.5,62.5,14,52.5,22.5,85,85,37.5,11
16/09/2022,65,20,62.5,42.5,55,13.5,42.5,25,85,85,36.5,10
18/09/2022,70,29,77.5,65,85,11,52.5,22.5,90,100,36.5,10
20/09/2022,40,25,65,55,85,11,50,22.5,85,125,36.5,12.5
21/09/2022,32.5,27.5,52.5,55,95,9,47.5,22.5,77.5,165,32.5,12.5
22/09/2022,50,23.5,57.5,47.5,95,8.5,52.5,22.5,85,155,36.5,12.5
23/09/2022,47.5,24,67.5,47.5,105,8.5,52.5,22.5,85,155,36.5,13.5
27/09/2022,47.5,27.5,75,52.5,95,14,55,27.5,125,160,46.5,22.5
28/09/2022,55,25,91,52.5,85,14.5,52.5,27.5,112.5,165,46.5,22.5
29/09/2022,50,22.5,85,47.5,77.5,9,49.5,27.5,95,135,46.5,12.5
30/09/2022,55,20,77.5,47.5,80,9,53.5,30,85,135,46.5,10
03/10/2022,70,21.5,56.5,55,35,11,80,30,125,130,47.5,16.5
04/10/2022,60,20.5,60,55,45,11,85,30,110,150,47.5,12
05/10/2022,62.5,19,65,55,47.5,9,82.5,29,115,190,46.5,9
06/10/2022,75,14,67.5,62.5,62.5,11,62.5,29,110,190,46,14
07/10/2022,90,19,70,55,80,14,67.5,27.5,105,190,50,12.5
10/10/2022,65,25,75,65,65,12.5,72.5,22.5,125,100,47.5,11
11/10/2022,80,27.5,70,80,55,12,65,22.5,110,190,50,13.5
12/10/2022,55,26.5,70,70,45,12.5,62.5,27.5,95,190,46.5,12.5
13/10/2022,45,29,67.5,75,75,14,57.5,27.5,100,190,46.5,13.5
14/10/2022,57.5,30,70,70,45,14,52.5,24.5,115,190,46.5,12.5
17/10/2022,70,30,80,75,55,11,52.5,22.5,140,210,50,13.5
18/10/2022,75,31.5,77.5,75,95,9,42.5,17.5,140,210,50,13.5
19/10/2022,50,31.5,75,85,55,9,42.5,20.5,140,210,52.5,13.5
20/10/2022,75,27.5,70,75,55,9,43.5,21.5,140,210,52.5,13.5
21/10/2022,75,26.5,66.5,72.5,55,11,35,22.5,135,215,52.5,11
24/10/2022,75,22.5,65,70,55,9,37.5,22.5,160,230,50,12.5
26/10/2022,45,22.5,50,55,28,7.5,38.5,22.5,175,225,54,11
27/10/2022,60,24,200,55,55,8.5,37.5,22.5,175,230,57.5,9
28/10/2022,85,20,53.5,45,50,9,37.5,22.5,140,240,54,10
02/11/2022,60,32.5,60,55,50,16.5,40,26.5,190,300,75,12.5
03/11/2022,65,15,47.5,45,50,17.5,20,22.5,170,300,80,9
04/11/2022,60,27.5,54,45,55,19,47.5,30,140,290,72.5,12.5
07/11/2022,85,37.5,42.5,55,60,27.5,72.5,32.5,110,310,57.5,16.5
08/11/2022,85,32.5,40,55,55,26.5,62.5,36.5,120,335,55,13.5
09/11/2022,75,27.5,42.5,47.5,47.5,26.5,62.5,34,135,340,50,9
10/11/2022,75,32.5,42.5,37.5,55,26.5,62.5,32.5,95,365,60,16.5
11/11/2022,60,40,42.5,37.5,55,25,62.5,27.5,82.5,340,57.5,17.5
14/11/2022,85,45,40,55,85,19,72.5,17.5,105,350,62.5,20
15/11/2022,65,44,37.5,52.5,75,11,62.5,22.5,110,365,67.5,17.5
16/11/2022,75,45,37.5,40,75,19,42.5,22.5,85,365,77.5,17.5
17/11/2022,75,37.5,40,45,60,17.5,37.5,22.5,90,355,75,22.5
22/11/2022,70,47.5,42.5,45,75,22.5,27.5,19,110,340,75,35
23/11/2022,70,42.5,45,45,72.5,22.5,22.5,21,105,315,82.5,32.5
01/12/2022,52.5,47.5,47.5,45,85,19,30.5,22.5,110,335,82.5,40
02/12/2022,65,55,46.5,50,62.5,19,27.5,22.5,105,330,82.5,40
05/12/2022,57.5,60,42.5,75,65,13.5,27.5,22.5,110,325,87.5,32.5
06/12/2022,45,57.5,40,55,50,14.5,25.5,22.5,115,325,87.5,30
07/12/2022,45,47.5,35,55,50,14,26.5,22.5,130,330,92.5,30
12/12/2022,55,50,15,60,35,14,26.5,22.5,190,440,92.5,27.5
14/12/2022,37.5,42.5,40,45,42.5,13.5,20.5,22.5,190,390,92.5,17.5
15/12/2022,69.5,35,37.5,45,40,13.5,22.5,22.5,180,390,92.5,17.5
19/12/2022,75,30,37.5,55,42.5,13.5,47.5,27.5,185,390,92.5,22.5
20/12/2022,85,30,30,55,35,13.5,65,27.5,190,390,97.5,21
21/12/2022,87.5,27.5,30,65,35,13,55,27.5,225,335,97.5,17.5
22/12/2022,105,35,40,65,42.5,13.5,47.5,27.5,210,355,105,22.5
23/12/2022,110,47.5,60,62.5,65,26.5,67.5,27.5,255,350,115,27.5
27/12/2022,95,40,35,55,42.5,13.5,77.5,22.5,275,225,130,17.5
28/12/2022,75,30,32.5,52.5,45,11.5,85,22.5,225,265,130,17.5
04/01/2023,25,33,30,12.5,55,11,22.5,27.5,170,205,105,13.5
05/01/2023,17.5,20,31.5,21,47.5,12.5,32.5,27.5,85,130,105,13.5
06/01/2023,17.5,15,31.5,17.5,40,11,42.5,27.5,75,90,102.5,13.5
09/01/2023,157.5,24,22.5,17.5,27.5,16.5,52.5,27.5,55,90,97.5,11.5
10/01/2023,22.5,19,27.5,21.5,25,19,57.5,32.5,55,90,97.5,13.5
11/01/2023,35,19,25,22.5,22.5,17.5,57.5,32.5,50,90,72.5,13.5
12/01/2023,37.5,15,21.5,22.5,32.5,21,67.5,36.5,65,85,62.5,13.5
13/01/2023,22.5,18.5,18,27.5,27.5,19,67.5,32.5,40,65,57.5,13.5
17/01/2023,17.5,22,28,23.5,22.5,24,62.5,22.5,47.5,82.5,57.5,13.5
18/01/2023,17.5,25,24,17.5,27.5,25,67.5,22.5,42.5,75,72.5,16.5
19/01/2023,22.5,24,15,20,27.5,19,72.5,17.5,42.5,75,72.5,16.5
20/01/2023,23.5,16.5,16.5,22.5,32,16.5,72.5,22.5,45,65,70,17.5
23/01/2023,21,24,15,25.5,32.5,18.5,65,22.5,50,55,82.5,15.5
24/01/2023,21,15,15,24,32.5,18.5,55,16.5,45,40,82.5,6.5
25/01/2023,32.5,15,16,22.5,37.5,13.5,59,16.5,45,40,82.5,8.5
26/01/2023,26.5,16,12.5,22.5,27.5,13.5,60,14,45,40,82.5,12.5
31/01/2023,17.5,12.5,15,17.5,27.5,22.5,65,12.5,47.5,55,92.5,11
02/02/2023,22.5,19,17.5,12.5,37.5,17.5,75,22.5,65,75,72.5,17.5
03/02/2023,20,22.5,17.5,17.5,30,22.5,77.5,22.5,67.5,75,72.5,19
06/02/2023,18.5,17.5,18.5,22.5,27.5,24,72.5,22.5,67.5,45,71.5,21.5
07/02/2023,17.5,21.5,18.5,27.5,22.5,17.5,67.5,22.5,75,55,75,21.5
08/02/2023,16.5,24,18.5,22.5,22.5,17,47.5,22.5,72.5,55,71.5,17.5
09/02/2023,12.5,20,25,22.5,22.5,17,40,22.5,47.5,75,72.5,17.5
10/02/2023,13.5,17.5,20,27.5,15,17,27.5,22.5,35,82.5,65,17.5
13/02/2023,31.5,24,16,37.5,27.5,17,44.5,17.5,77.5,65,75.5,17.5
14/02/2023,33.5,25,14.5,27.5,27.5,17,42.5,17.5,95,65,72.5,16.5
15/02/2023,27.5,18.5,15,27.5,27.5,15.5,36.5,17.5,85,65,71.5,17.5
16/02/2023,30.5,16.5,19,27.5,27.5,15.5,32.5,22.5,90,65,71.5,14.5
17/02/2023,32.5,21.5,23,27.5,27.5,14,32.5,22.5,120,65,71.5,14.5
20/02/2023,28.5,20,17,27.5,27.5,9,35.5,22.5,110,75,65,16.5
21/02/2023,32.5,17.5,21,27.5,27.5,10.5,32.5,22.5,125,75,67.5,12.5
22/02/2023,27.5,18.5,21,27.5,22.5,12.5,32.5,22.5,130,95,70,16.5
23/02/2023,32.5,19,20,21.5,22.5,12.5,19,22.5,115,95,67.5,16.5
27/02/2023,37.5,10.5,21.5,22.5,25,11,20.5,22.5,145,80,62.5,12.5
28/02/2023,37.5,11.5,24.5,27.5,32.5,11.5,21.5,22.5,150,82.5,56.5,12.5
01/03/2023,31,12.5,25,16,42.5,14,22.5,22.5,140,95,58.5,12.5
03/03/2023,31,12,21,12.5,42.5,13.5,19,19,140,65,42.5,12.5
06/03/2023,28.5,12.5,22.5,17.5,32.5,14,37.5,19,140,80,47.5,21.5
07/03/2023,40,12,21.5,16,35,13.5,39,21,150,80,52.5,19
08/03/2023,38.5,12,20,17.5,42.5,14,36.5,19,140,95,52.5,19
09/03/2023,43.5,12,20,20,42.5,12.5,32.5,19,150,105,57.5,19
10/03/2023,42,12,20.5,22.5,40,11,32.5,19,145,105,66.5,20
13/03/2023,32.5,13,21,22.5,32.5,11,32.5,22.5,115,110,69,20
14/03/2023,30,14.5,20.5,22.5,32.5,11,27.5,20.5,115,110,67.5,21
15/03/2023,25,14.5,21,27.5,32.5,11,17.5,20.5,85,85,67.5,21.5
16/03/2023,24,14,22.5,22.5,30,10.5,13.5,19,75,95,62.5,22.5
17/03/2023,28.5,13,18.5,22.5,27.5,9,15,21.5,65,95,57.5,19.5
20/03/2023,28.5,15.5,25.5,22.5,20,9,14,22.5,52.5,70,57.5,21.5
21/03/2023,27.5,16,26.5,25.5,20,11.5,14,22.5,47.5,65,60,22
22/03/2023,17.5,15,29,22.5,32.5,11.5,8.5,22.5,60,55,57.5,21.5
23/03/2023,22.5,16.5,28.5,12.5,27.5,12.5,7.5,22.5,40,47.5,62.5,22.5
24/03/2023,22.5,13.5,30.5,12.5,22.5,12,7,22.5,45,35,57.5,17.5
30/03/2023,27.5,16.5,21.5,12.5,37.5,11,7,26.5,27.5,27.5,62.5,17.5
31/03/2023,22.5,17.5,24,12.5,27.5,11,7,26.5,32.5,27.5,57.5,17.5
03/04/2023,21,15,20.5,16,27.5,13,7,26.5,45,32.5,57.5,20
04/04/2023,21,14,20.5,12.5,37.5,13.5,8.5,27.5,45,32.5,55,21
05/04/2023,30,16.5,20.5,13.5,32.5,10.5,8.5,26.5,27.5,32.5,52.5,20
11/04/2023,29,16.5,23,16,40,12.5,14,22.5,32.5,27.5,67.5,16.5
12/04/2023,27.5,21.5,18.5,22.5,32.5,11.5,14,22.5,42.5,25,62.5,16.5
13/04/2023,17.5,17.5,20.5,27.5,47.5,11.5,16,22.5,32.5,27.5,57.5,19
14/04/2023,26.5,16,22,22.5,27.5,11.5,16,22.5,37.5,25,52.5,22.5
16/04/2023,20,14,16,11,27.5,13.5,16.5,22.5,60,25,47.5,16.5
18/04/2023,22.5,13,19,12.5,32.5,11.5,15.5,22.5,42.5,25,51.5,17.5
19/04/2023,17.5,14.5,21,17.5,27.5,10.5,16.5,22.5,42.5,25,51.5,17.5
20/04/2023,17.5,14.5,19,17.5,22.5,10.5,17.5,22.5,50,17.5,52.5,12.5
25/04/2023,32.5,16,18,32.5,37.5,12.5,32.5,22.5,37.5,22.5,47.5,13.5
28/04/2023,37.5,19,20,37.5,37.5,17.5,32.5,22.5,35,20,39,11
01/05/2023,37.5,17.5,23,42.5,40,19,45,22.5,30,30,46,12.5
02/05/2023,45,17.5,20.5,42.5,37.5,26,45,26.5,25,32.5,46,12.5
05/05/2023,47.5,22.5,20,45,55,31.5,31,26,42.5,27.5,46,17.5
09/05/2023,40,21,20,41.5,55,21.5,45,26,32.5,30,47.5,15
10/05/2023,32.5,19,20.5,42.5,52.5,22.5,35,22.5,27.5,22.5,47.5,14
11/05/2023,22.5,19,21.5,35,52.5,27.5,36.5,22.5,27.5,22.5,51,13.5
12/05/2023,27.5,13.5,18,37.5,55,22.5,32.5,27.5,27.5,27.5,45,14
15/05/2023,36,18.5,19,32.5,50,24,47.5,27.5,47.5,17.5,47.5,16.5
16/05/2023,27.5,19,19.5,22.5,85,22.5,47.5,27.5,55,22.5,42.5,16.5
17/05/2023,40,19,22,17.5,75,24,42.5,30,52.5,22.5,44,19
18/05/2023,37.5,15,21,22.5,85,28.5,42.5,30,52.5,22.5,44,13.5
19/05/2023,37.5,25.5,29,22.5,72.5,29,48.5,26.5,52.5,22.5,44,14
25/05/2023,47.5,13.5,18.5,27.5,90,13,44,26.5,42.5,27.5,47.5,12.5
29/05/2023,50,13.5,22.5,32.5,65,11,45,27.5,65,22.5,56.5,12.5
31/05/2023,45,15,22.5,31,65,18.5,32.5,27.5,45,22.5,62.5,12.5
05/06/2023,50,16.5,21.5,35,105,18.5,52.5,22.5,57.5,22.5,62.5,17.5
06/06/2023,40,16,21.5,35,95,15.5,57.5,32.5,55,22.5,62.5,16
07/06/2023,32.5,32.5,22.5,40,95,22.5,52.5,32.5,47.5,25,52.5,16.5
08/06/2023,57.5,32.5,22.5,37.5,65,22.5,47.5,32.5,47.5,25,52.5,16.5
13/06/2023,50,27.5,35,52.5,125,22.5,62.5,27.5,57.5,27.5,67.5,22.5
14/06/2023,65,35,35,57.5,115,21.5,52.5,27.5,57.5,27.5,71.5,25
16/06/2023,65,32.5,34,45,135,21.5,52.5,32.5,57.5,27.5,62.5,22.5
19/06/2023,75,33.5,40,55,130,21.5,42.5,32.5,57.5,27.5,62.5,27.5
20/06/2023,75,42.5,40,52.5,175,16.5,42.5,32.5,57.5,27.5,61.5,27.5
22/06/2023,75,46,60,47.5,175,22.5,27.5,32.5,60,27.5,59,30
23/06/2023,75,46,60,47.5,175,22.5,19,32.5,60,27.5,59,34
26/06/2023,72.5,62.5,60,57.5,182.5,21.5,16,32.5,47.5,27.5,59,42.5
27/06/2023,72.5,62.5,60,57.5,182.5,22.5,13.5,32.5,47.5,27.5,59,42.5
29/06/2023,72.5,67.5,67.5,60,187.5,22.5,13,32.5,52.5,27.5,61.5,42.5
05/07/2023,55,67.5,80,52.5,167.5,19,11,29,125,27.5,57.5,52.5
06/07/2023,57.5,62.5,82.5,52.5,135,17,10,30.5,130,27.5,57.5,50
07/07/2023,57.5,62.5,72.5,50,125,18,11.5,32.5,130,27.5,58.5,50
10/07/2023,57.5,72.5,95,57.5,67.5,13.5,11,27.5,145,27.5,59,47.5
13/07/2023,60,67.5,135,65,115,14.5,12,27.5,165,27.5,75,37.5
14/07/2023,60,75,132.5,65,95,14.5,10.5,32.5,175,27.5,75,42.5
17/07/2023,65,62.5,125,62.5,55,9,10.5,32.5,165,37.5,85,32.5
18/07/2023,46.5,58.5,90,50,62.5,7.5,11,32.5,230,37.5,82.5,27.5
19/07/2023,75,55,80,82.5,65,7.5,9,32.5,260,37.5,72.5,13.5
20/07/2023,52.5,50,80,55,42.5,11,11,32.5,227,25,72.5,13.5
21/07/2023,57.5,50,82.5,65,57.5,7.5,12.5,42.5,165,37.5,72.5,22.5
24/07/2023,127.5,52.5,117.5,62.5,77.5,12.5,32.5,42.5,210,35,72.5,21
25/07/2023,95,47.5,120,65,57.5,9,31,42.5,235,37.5,82.5,22.5
31/07/2023,87.5,47.5,75,75,85,17.5,32.5,42.5,195,75,79,36.5
01/08/2023,60,65,70,77.5,70,19,32.5,36.5,195,45,82.5,32.5
03/08/2023,75,57.5,125,85,57.5,32.5,36.5,37.5,200,57.5,72.5,32.5
04/08/2023,75,39,125,85,57.5,32.5,40,37.5,195,57.5,72.5,32.5
07/08/2023,97.5,43.5,65,135,60,31,52.5,32.5,235,90,105,30
08/08/2023,95,47.5,70,110,52.5,31,62.5,32.5,215,90,95,27.5
09/08/2023,85,57.5,82.5,135,75,39,62.5,32.5,175,170,80,27.5
11/08/2023,120,57.5,77.5,140,100,31.5,62.5,27.5,175,180,80,27.5
14/08/2023,117.5,82.5,100,165,110,31.5,67.5,27.5,205,240,72.5,37.5
15/08/2023,65,62.5,85,145,110,32.5,55,27.5,147.5,275,70,37.5
16/08/2023,65,55,80,110,110,34,55,27.5,210,290,75,52.5
17/08/2023,65,65,75,125,145,34,47.5,22.5,175,190,65,57.5
18/08/2023,82.5,70,77.5,125,145,32.5,47.5,32.5,165,160,65,57.5
21/08/2023,72.5,82.5,67.5,125,190,41,52.5,27.5,175,190,82.5,62.5
22/08/2023,72.5,70,60,95,165,42.5,45,27.5,210,215,82.5,37.5
24/08/2023,75,65,72.5,110,135,52.5,45,27.5,190,245,82.5,52.5
25/08/2023,75,67.5,72.5,85,140,47.5,42.5,25,190,245,80,52.5
29/08/2023,75,57.5,80,125,75,52.5,27.5,42.5,195,305,85,42.5
30/08/2023,75,45,80,95,75,47.5,30,42.5,195,325,85,55
31/08/2023,82.5,47.5,77.5,85,60,52.5,37.5,42.5,215,290,85,47.5
05/09/2023,65,35,80,75,80,52.5,52.5,47.5,350,350,115,27.5
06/09/2023,95,32.5,72.5,75,80,42.5,52.5,47.5,345,365,115,27.5
08/09/2023,95,55,69,77.5,92.5,51,52.5,45,290,415,105,32.5
11/09/2023,125,37.5,65,82.5,75,37.5,55,42.5,255,425,95,37.5
12/09/2023,135,37.5,65,82.5,110,37.5,52.5,35,290,415,95,27.5
13/09/2023,145,47.5,80,72.5,95,37.5,52.5,37.5,290,415,107.5,27.5
14/09/2023,145,37.5,80,95,85,27.5,55,40,305,415,110,32.5
15/09/2023,125,42.5,70,115,85,19,32.5,37.5,225,415,102.5,32.5
18/09/2023,125,55,70,110,190,22.5,22.5,37.5,265,0,102.5,32.5
19/09/2023,185,60,67.5,110,145,22.5,22.5,37.5,165,0,105,27.5
20/09/2023,125,52.5,72.5,110,190,22.5,22.5,46.5,255,0,110,22.5
21/09/2023,115,52.5,67.5,110,190,22.5,12.5,46.5,270,240,107.5,32.5
22/09/2023,135,55,62.5,125,155,22.5,9,37.5,290,0,110,35
25/09/2023,145,75,67.5,135,145,27.5,12.5,37.5,290,0,110,37.5
26/09/2023,140,65,72.5,125,155,27.5,12.5,37.5,255,0,107.5,32.5
27/09/2023,135,52.5,62.5,110,145,27.5,9,42.5,290,0,125,32.5
28/09/2023,125,62.5,65,125,85,27.5,11,37.5,215,0,97.5,32.5
02/10/2023,165,55,65,105,95,27.5,13,42.5,245,0,132.5,27.5
03/10/2023,95,65,60,72.5,95,27.5,13.5,42.5,260,190,125,32.5
04/10/2023,90,65,60,72.5,95,27.5,12.5,42.5,210,190,125,32.5
05/10/2023,85,57.5,62.5,52.5,75,22.5,9,42.5,245,175,125,32.5
06/10/2023,135,62.5,72.5,55,75,17.5,9,42.5,245,190,125,22.5
09/10/2023,75,62.5,72.5,75,75,16,11,42.5,245,215,115,27.5
10/10/2023,55,70,70,55,75,12.5,9,42.5,207.5,235,130,27.5
11/10/2023,75,72.5,80,75,65,14,7.5,42.5,325,240,135,27.5
12/10/2023,75,77.5,67.5,75,65,11.5,9,42.5,315,375,150,37.5
13/10/2023,95,77.5,72.5,75,65,9,9,42.5,240,410,150,22.5
16/10/2023,75,77.5,70,75,7,11,11,0,210,290,167.5,17.5
17/10/2023,72.5,70,72.5,72.5,95,6.5,11,0,255,275,164,17.5
18/10/2023,85,72.5,70,75,90,7.5,9,37.5,250,275,165,17.5
19/10/2023,95,72.5,67.5,72.5,80,6.5,11,37.5,240,180,160,17.5
20/10/2023,90,67.5,70,67.5,45,4.5,16.5,42.5,190,135,162.5,12.5
23/10/2023,105,55,59,75,45,6.5,21,37.5,170,105,135,12.5
24/10/2023,82.5,52.5,70,75,75,6.5,27.5,32.5,95,105,137.5,12.5
25/10/2023,72.5,52.5,62.5,75,62.5,7,17,32.5,95,90,132.5,12.5
26/10/2023,85,55,67.5,75,52.5,7.5,16.5,32.5,90,100,122.5,12.5
27/10/2023,82.5,42.5,52.5,75,52.5,9,17.5,42.5,95,90,122.5,12.5
31/10/2023,85,65,85,75,65,12.5,32.5,0,90,75,135,17.5
03/11/2023,85,37.5,72.5,75,22.5,9,37.5,37.5,55,90,135,7.5
06/11/2023,77.5,27.5,67.5,75,37.5,7.5,37.5,37.5,85,90,115,9
07/11/2023,77.5,22.5,60,77.5,32.5,6.5,37.5,42.5,75,95,97.5,7.5
08/11/2023,75,17.5,62.5,75,32.5,9,35,42.5,100,105,95,7.5
09/11/2023,65,22.5,72.5,75,27.5,7.5,27.5,37.5,65,105,82.5,7.5
10/11/2023,42.5,19,72.5,65,32.5,7.5,22.5,42.5,75,85,82.5,9
13/11/2023,27.5,16,67.5,65,22.5,6.5,27.5,42.5,35,75,75,7.5
14/11/2023,45,15.5,62.5,65,22.5,6.5,32.5,42.5,37.5,65,72.5,7.5
15/11/2023,45,17.5,62.5,65,25,6.5,32.5,37.5,37.5,95,77.5,7.5
16/11/2023,32.5,16.5,60,47.5,22.5,6.5,32.5,37.5,37.5,95,85,7.5
20/11/2023,42.5,17.5,59,65,35,7.5,52.5,37.5,47.5,85,85,7.5
21/11/2023,47.5,14,50,65,37.5,9.5,52.5,37.5,55,85,85,7
22/11/2023,47.5,12.5,50,52.5,30,11,47.5,37.5,45,85,85,7
23/11/2023,47.5,12.5,55,57.5,32.5,9,42.5,42.5,45,85,85,5.5
24/11/2023,37.5,12.5,42.5,57.5,25,9,52.5,42.5,37.5,75,85,4.5
28/11/2023,37.5,15,39,37.5,32.5,11.5,62.5,37.5,52.5,75,95,6
29/11/2023,32.5,15,32.5,42.5,32.5,8,52.5,37.5,27.5,75,95,6.5
30/11/2023,27.5,11,35,27.5,42.5,8,42.5,37.5,22.5,65,130,6.5
01/12/2023,32.5,8.5,41,37.5,35,9,55,32.5,42.5,65,130,7.5
04/12/2023,35,11,35,22.5,27.5,9.5,49,32.5,22.5,72.5,97.5,7
07/12/2023,42.5,9,27.5,27.5,32.5,11,39,32.5,27.5,77.5,52.5,7
11/12/2023,37.5,9,41.5,27.5,32.5,11,42.5,32.5,27.5,65,82.5,4
12/12/2023,37.5,9,32.5,35,30,11,42.5,32.5,32.5,65,89,6.5
13/12/2023,37.5,9,35,47.5,30,11,47.5,32.5,32.5,65,85,7
14/12/2023,37.5,9,35,37.5,22.5,11,42.5,32.5,32.5,65,85,6.5
15/12/2023,42.5,9,32.5,32.5,30,9,37.5,182.5,32.5,77.5,85,6.5
18/12/2023,40,14,32.5,37.5,35,11,32.5,32.5,37.5,95,85,9
20/12/2023,52.5,14,32.5,37.5,37.5,11,32.5,32.5,42.5,85,82.5,6.5
21/12/2023,52.5,12,32.5,37.5,22.5,11,32.5,27.5,42.5,95,82.5,6.5
27/12/2023,42.5,12.5,32.5,37.5,35,22.5,42.5,27.5,75,112.5,75,6.5
28/12/2023,37.5,10,32.5,37.5,35,16.5,42.5,27.5,110,140,75,6.5
29/12/2023,62.5,8,32.5,27.5,27.5,16.5,42.5,37.5,105,102.5,75,6
